T1,T2,T3,T4,T5,T6,dominant_topic
0.7355010889690015,0.0010764195958007797,0.07727614397315906,0.0010705908853126623,0.001076583791733227,0.1839991727849928,T1
0.001325058320757287,0.0013221026126258198,0.0013189492665460084,0.993335976007502,0.0013515472051955826,0.0013463665873733317,T4
0.002082539964896608,0.14051436771929224,0.12092706215650578,0.6849093605613468,0.0020690139844811994,0.04949765561347749,T4
0.9893709900311355,0.002119970488723698,0.002125935590549804,0.00212949690246767,0.0021192204750781385,0.002134386512045284,T1
0.4279537612934894,0.08509628292479228,0.30334028350553266,0.12347433565458599,0.05890593574071546,0.0012294008808844431,T1
0.4941537295661466,0.16817269571448082,0.001377999441887241,0.18088655188968675,0.12802078859877775,0.027388234789020954,T1
0.1287248307634432,0.16534866650548743,0.314415203373595,0.20942975805392003,0.18070196275955988,0.0013795785439945263,T3
0.0016193804060600113,0.0016122947832854092,0.0016125217230177295,0.9919390193511353,0.0016067203168012216,0.0016100634197003239,T4
0.09835506973554527,0.002005383927634019,0.48345558026174823,0.31156457073690136,0.1026275828214539,0.00199181251671723,T3
0.7259350902559351,0.10959378214506507,0.13884196402534515,0.001552833670817432,0.022519538500381433,0.0015567914024557782,T1
0.8049742237658972,0.15693392334725836,0.0018719138688286312,0.0018721123705512798,0.0018647031802832069,0.03248312346718138,T1
0.5905781376598123,0.0012111640327432058,0.0012130952054512734,0.08526919689905206,0.0012061905497128638,0.3205222156532284,T1
0.8644299137873807,0.0014417293285727299,0.0014354326733782624,0.12982011729330223,0.0014394429123983016,0.0014333640049679149,T1
0.36234609501395526,0.0017183164759272242,0.4890485171545104,0.1434559033976725,0.001715479435620483,0.0017156885223142259,T3
0.2646458429216772,0.16921405838118855,0.0790457402264877,0.4844219978616679,0.0013368481803685839,0.001335512428610069,T4
0.6727644838134642,0.11211481246756075,0.0014134972398815095,0.21088175300872375,0.0014119437758239527,0.0014135096945457658,T1
0.22986747087040407,0.10646347762408043,0.0018828393835972927,0.6141028962065301,0.0018843715123219552,0.04579894440306625,T4
0.3587598388175882,0.2137773239809728,0.12906334331713287,0.2951247414821733,0.0016379251712306205,0.0016368272309022244,T1
0.5039570816717692,0.03571062084868702,0.0011663635605292987,0.34133887724286105,0.0011655109202681766,0.11666154575588517,T1
0.09182302022225618,0.18113762094016472,0.0016511585469076349,0.567960290165267,0.0016513718938895006,0.1557765382315149,T4
0.2724058268713363,0.0018711416957738008,0.270588933614078,0.27325735399092477,0.08266135486813544,0.09921538895975163,T4
0.6611175601670432,0.0014149829065876092,0.0014174655796316518,0.0014144438132332434,0.0014181205780207217,0.3332174269554836,T1
0.6773321239651079,0.001389977258483149,0.26328221938685553,0.0013920858838217956,0.05519974401369509,0.0014038494920365653,T1
0.6679594835833803,0.0014466415278023437,0.1796149345678067,0.10805078746410962,0.04148144601386202,0.001446706843039014,T1
0.6285959973124892,0.09723492648401483,0.0013902725040724876,0.26999942887664236,0.0013877952337067862,0.001391579589074353,T1
0.6068409133516012,0.001851366311902451,0.0018511030347143419,0.14615375113559684,0.12029340114968524,0.12300946501650015,T1
0.1827681949870214,0.4609686993294201,0.07886641634651882,0.0016641231773389309,0.001660107165231461,0.27407245899446925,T2
0.5992487406901744,0.001421943732419295,0.001412792532890163,0.3001739298185087,0.0014187761211103575,0.09632381710489703,T1
0.4464676777842427,0.3672174830718412,0.00153169368863535,0.0015282974859530285,0.0015247030920697215,0.18173014487725817,T1
0.21805313786799288,0.0029928940954044763,0.0029859796410915047,0.3773017534439674,0.3956724579912993,0.0029937769602444517,T5
0.41595822737727944,0.0018116948339117602,0.0018045407853759076,0.5768178974980918,0.0018031331948195248,0.0018045063105215876,T4
0.7146433659793515,0.0011160911335861424,0.0011122985210969747,0.2253335381064527,0.0011099548546238524,0.05668475140488886,T1
0.2506840211315876,0.07297083146446395,0.37895258157660094,0.20591052213095318,0.001173849383017462,0.09030819431337664,T3
0.7706009040034126,0.001358038677774029,0.0969739209577254,0.029490185575584492,0.10022410978411553,0.0013528410013881245,T1
0.8314795903687217,0.0018257256268192506,0.16120903994102515,0.001830009690500342,0.001833312659591269,0.0018223217133425448,T1
0.44579620047802826,0.3204118014320534,0.0009866809572858883,0.0009884814927711484,0.23082718412624978,0.0009896515136116285,T1
0.5327998552494397,0.00215448511281227,0.2366591040957677,0.22407847239271125,0.0021548551098056552,0.002153228039463352,T1
0.7421695752577883,0.0018020958842375403,0.0018075847241613911,0.25060446017122345,0.0018119922055435617,0.0018042917570460033,T1
0.8587339683057083,0.0016156238284629075,0.001600650773763936,0.10258564702082816,0.03385696997299878,0.0016071400982380468,T1
0.4718558917252557,0.14343135642064195,0.0013193476576792154,0.1252383461513961,0.2568403110702551,0.001314746974771912,T1
0.0012981611645878188,0.0012981032178509572,0.0012927006885122027,0.5003264737125229,0.0012945660334834131,0.49448999518304265,T4
0.49536035799821615,0.1127775886229303,0.001097393448085845,0.0010970883130663692,0.08008444666356648,0.30958312495413487,T1
0.8769877574252781,0.002426921764378276,0.0024295170672811537,0.11329451200814891,0.0024314583754688054,0.0024298333594448677,T1
0.7377704837740943,0.20093270870611013,0.0014603960353832728,0.0014705162274529805,0.0014625609522875775,0.056903334304671746,T1
0.3619068324308714,0.29774298132171206,0.0016293044761062213,0.01958123325911492,0.0016261280900553583,0.3175135204221401,T1
0.25504044229342726,0.21098448722382943,0.0016357576703047224,0.0016300504652319863,0.001628999060051344,0.5290802632871554,T6
0.878075784436866,0.0015335199014206167,0.0015259907610233935,0.0015313830845615703,0.0015257528567154423,0.115807568959413,T1
0.0014736267983059752,0.0014773902591384697,0.0014767934074874248,0.992624714309331,0.0014705807025909518,0.0014768945231462282,T4
0.9082333669259691,0.001125025357959655,0.0011277726519194507,0.0872761281917175,0.0011197518343190663,0.0011179550381152448,T1
0.5148581616683305,0.16647520104670613,0.31372872828788767,0.0016499896486825987,0.001644579909489451,0.0016433394389035912,T1
0.578574443857222,0.0026235058535488175,0.0026263326021273305,0.41094694394028364,0.0026117232978865486,0.002617050448931702,T1
0.8686560074733543,0.0014138154724418134,0.0014097990909452572,0.0014119079813007267,0.0014158569400437742,0.12569261304191412,T1
0.0012292783316333543,0.0012263825656990042,0.0012326180823610498,0.9938523955196638,0.0012227472620667441,0.0012365782385760971,T4
0.0022463133167041484,0.0022470443499889464,0.002232398852704189,0.7312081314895961,0.002233652823599495,0.25983245916740705,T4
0.21406945752900974,0.6167472314391457,0.0015430854015397386,0.16454837844571643,0.0015508792405904256,0.0015409679439980434,T2
0.6546789060771657,0.0011355560000023187,0.0011361415756723644,0.3038883087209619,0.0011426416771894827,0.03801844594900817,T1
0.09366727119517675,0.0014013973396964955,0.001399115267802903,0.8437784989911109,0.05834945220887351,0.0014042649973394397,T4
0.001754740865415098,0.0017481953963655458,0.31215603751414855,0.47891366652798883,0.06163559331754811,0.14379176637853397,T4
0.47987616294866287,0.0015982590960599216,0.0016018412964021202,0.5137294009493858,0.00159713711720146,0.0015971985922878127,T4
0.7594542693011282,0.001195898042867053,0.11613294629023459,0.001194411300850301,0.001201385321176475,0.1208210897437432,T1
0.9927190666792589,0.0014574876232914696,0.0014527661207392152,0.0014536203890052094,0.0014492110466538656,0.001467848141051254,T1
0.45697220596173316,0.1317217722677826,0.001274687863295781,0.4074854757643205,0.0012676839946361715,0.0012781741482317207,T1
0.8013728631352972,0.0011959879042460196,0.06873771874514652,0.12630813795460114,0.001189940461922105,0.0011953517987872018,T1
0.9552840189746945,0.0015021852120698292,0.03871632097452395,0.0015047594521119933,0.0014962040362430265,0.0014965113503567831,T1
0.24704369113271074,0.57518666260498,0.0011099997213067144,0.0011095082253478026,0.17444181966938813,0.0011083186462664716,T2
0.23311063530336237,0.053045632952448366,0.4821843907695028,0.22848679676247166,0.0015862454077273372,0.001586298804487353,T3
0.6053009073134866,0.03192861505753176,0.09513797059049589,0.2639772261957828,0.0018231169808005229,0.001832163861902215,T1
0.7697689995637146,0.0014791183871271994,0.08530199799230115,0.08514233098243894,0.05682994871968736,0.001477604354730686,T1
0.146023964708867,0.5031740119235515,0.002341746657408514,0.3437908372653459,0.002334773873280657,0.0023346655715463537,T2
0.3461622519234218,0.11859763160224046,0.0011511594820732072,0.001156115319222922,0.30520797768692703,0.22772486398611438,T1
0.17821258036297324,0.0011959190757069784,0.04920670478325345,0.3180227615891379,0.0011937133590333648,0.452168320829895,T6
0.1862055240305737,0.0010697082939602025,0.18184315592600558,0.25318255853671257,0.04538993412503493,0.3323091190877131,T6
0.6917778467482837,0.001677534939731364,0.001660288121389142,0.3015585562942229,0.0016579078659578724,0.0016678660304150987,T1
0.5431688922623096,0.21657327563507506,0.0013336552826696837,0.15159690702648895,0.0013313684137482638,0.08599590137970851,T1
0.18482211678751526,0.0022071554438896227,0.0022103621337151253,0.8063338492689762,0.002215388494215288,0.002211127871688439,T4
0.9129081341831387,0.0013666600975998637,0.08162525453691107,0.001367973135680379,0.0013624469292802415,0.0013695311173898541,T1
0.15231853098305673,0.0013266324583107458,0.0013222624402596278,0.8423825247022791,0.001323691711059755,0.0013263577050339971,T4
0.4809792893398293,0.21073276543742023,0.0015810117061376724,0.19717693019424226,0.0015847283015076046,0.10794527502086294,T1
0.5384309470444014,0.0020017472577991153,0.002004874272227626,0.45355532219293915,0.002002443222655695,0.0020046660099769706,T1
0.4321217838399224,0.0011144636187038202,0.0011119754011200743,0.26265213588824726,0.0011114034878689676,0.3018882377641373,T1
0.8430446964812328,0.15115996438163304,0.0014467327820097268,0.0014465925792541195,0.0014548363584373383,0.0014471774174328934,T1
0.0013735047627367828,0.0013708607045493256,0.0013692406248530888,0.26429280644933245,0.0013712956885173536,0.730222291770011,T6
0.48226306261818064,0.3615362206267226,0.0012658393770277553,0.15240406654818883,0.001262659057300023,0.0012681517725802822,T1
0.6436933755308586,0.2569361861111451,0.03363580505162883,0.0012128799575185762,0.0012096523548575447,0.06331210099399137,T1
0.537606939006636,0.13833278439565044,0.267426914532563,0.001846567039734665,0.05293987160110449,0.0018469234243117195,T1
0.09319432623336538,0.0017408355122313973,0.0017337614643201723,0.8998606655152651,0.0017319877483739988,0.0017384235264438054,T4
0.0017465637686591767,0.0017306277467326327,0.2010596799752692,0.7920072442315916,0.0017259378035800394,0.0017299464741672597,T4
0.30783072495607045,0.001333077542463973,0.001338911072965171,0.6868289378018788,0.001329561512858248,0.001338787113763231,T4
0.109646764450073,0.6112541314413207,0.001526662589650542,0.0015255156337923908,0.0015187407482980808,0.2745281851368654,T2
0.90705788933572,0.001413782596798424,0.0014066931771163549,0.08730404002939268,0.0014055507594366795,0.0014120441015360616,T1
0.708560433748961,0.0014351953503091612,0.001435681165841914,0.2856994846503271,0.0014366306783107955,0.0014325744062499636,T1
0.0021853160796785963,0.07598552005945337,0.0021789521482718233,0.9152943102232965,0.002179415866194587,0.002176485623105085,T4
0.2115839078703368,0.30114274900485377,0.2148153707300978,0.24236411462718233,0.0009125461257945368,0.029181311641734854,T2
0.443024699172435,0.12554876646264804,0.08960005800959102,0.2965026435678437,0.04342303991053259,0.0019007928769496699,T1
0.23751077642430282,0.364662523001973,0.0931568439089389,0.30172196174898375,0.0014748850768900423,0.0014730098389114758,T2
0.6802815457908269,0.0014411756828266596,0.09576299535522954,0.18433381274155877,0.0014371183335200716,0.036743352096038184,T1
0.0014322246438400763,0.45810865780811655,0.0014239067448951431,0.5361932283243149,0.001422054979456305,0.0014199274993770313,T4
0.4590191738103016,0.2204194138713251,0.0012679266391347262,0.16129995132647293,0.15672975810401432,0.0012637762487512805,T1
0.6262087757288757,0.19292239698643143,0.11777742333886035,0.05919162147670143,0.0019485689870195131,0.0019512134821116015,T1
0.20864952158127376,0.0013030343124248319,0.0013146931010231092,0.5198100465516883,0.03655614092442774,0.2323665635291623,T4
0.0016987499394865446,0.0017012273420577368,0.707410623730841,0.12220763108382666,0.0016967739600842512,0.16528499394370375,T3
0.05523012341447752,0.07713494323054812,0.0016489967066124426,0.6712611558441527,0.11866782664076884,0.07605695416344019,T4
0.5453113414964925,0.4466719624149259,0.0020160697259424556,0.00200140641499855,0.0019986644527138025,0.002000555494926648,T1
0.0951425544682885,0.0011951151360154286,0.0011907592908382558,0.2071022883115988,0.007715446387171273,0.6876538364060878,T6
0.6663552215384025,0.1653836701379629,0.0010417490527042318,0.16512077409057718,0.001043101368588099,0.0010554838117651172,T1
0.18464146670910173,0.001389838050520973,0.0013852312697915526,0.5541120280196907,0.0013868221297159045,0.25708461382117914,T4
0.29529783973747215,0.0009983589058949814,0.07093922422975787,0.0009994701512688554,0.012206817008655522,0.6195582899669507,T6
0.1409350094153777,0.0012398689835024267,0.0012352807858356993,0.22020184004897278,0.001237047446448703,0.6351509533198628,T6
0.5546551293695766,0.20049274839082148,0.2408494732404754,0.0013367282832200472,0.001332403762432277,0.00133351695347416,T1
0.36956311277219334,0.0018928690229330642,0.4997710924311417,0.12500190481079848,0.0018850154109535085,0.0018860055519799022,T3
0.8109997102343985,0.0021054989870044685,0.002109077719998976,0.1805881542246812,0.0021043129343480717,0.0020932458995687625,T1
0.31319070280066597,0.0013735132388946435,0.25359796217873387,0.39546845312201284,0.03499909918570446,0.001370269473988183,T4
0.6649311432044559,0.0017313942172171271,0.0017340603978971065,0.328135677304292,0.0017341589416049897,0.0017335659345327627,T1
0.5147863777007655,0.1525049486436441,0.0023429101201510945,0.32567864469150093,0.0023455773771540044,0.0023415414667842666,T1
0.07784066381972256,0.001396879245262302,0.15600292307684632,0.5898425688930997,0.0013963512366554523,0.1735206137284136,T4
0.001654687263904281,0.542083345072283,0.45132845525185905,0.0016478590203752909,0.001642820142247716,0.0016428332493306518,T2
0.6275131665210163,0.0014951481185429356,0.14763303900292385,0.22038160321697878,0.0014849049466791081,0.0014921381938591857,T1
0.0011814728861452648,0.0011824409354526712,0.001182565692456145,0.001189568847669046,0.9940837401093952,0.0011802115288818732,T5
0.0011814728861452648,0.0011824409354526712,0.001182565692456145,0.001189568847669046,0.9940837401093952,0.0011802115288818732,T5
0.33735285427705564,0.001538047814652373,0.0015273370690634107,0.4757033389096472,0.054312477636567914,0.1295659442930135,T4
0.1991304919618048,0.4999644015932783,0.23591311911315266,0.0013518357401042585,0.00134194283611916,0.062298208755540735,T2
0.4892317776303571,0.0022659748052614574,0.0022686815260872443,0.5016989109058417,0.0022738219116207625,0.0022608332208319173,T4
0.295691163589589,0.6980301026733908,0.0015672184992595855,0.0015729651796419588,0.0015658387307418377,0.0015727113273768427,T2
0.050266751030607904,0.34702299286129573,0.0015172576467539871,0.001512586618280008,0.001517440567065874,0.5981629712759965,T6
0.42652878944563566,0.0012524394696068037,0.04292650791669259,0.5267838280955879,0.0012483419793427213,0.001260093093134154,T4
0.1396556363761206,0.0014119149554964368,0.1410830453777804,0.7150370911108813,0.0014056648466099543,0.0014066473331112632,T4
0.6049897631437017,0.18918946397018846,0.0020799273781627486,0.1995817213771576,0.0020828044439175114,0.0020763196868718347,T1
0.7817128148405609,0.14444710087962578,0.0014354213271587355,0.05788832166976619,0.0014314262212795073,0.013084915061608844,T1
0.37905533196079205,0.3081204730068615,0.3081390782945837,0.0015527843429436559,0.0015959638998402292,0.0015363684949789695,T1
0.8386403957072586,0.0020499231697161326,0.13022226869672815,0.0020493303738280855,0.0020501165344706525,0.024987965517998433,T1
0.6456828855841368,0.0018544499597513006,0.0018538531613431063,0.3469134640868836,0.001844241978638264,0.0018511052292469255,T1
0.0035176861874076336,0.14558669274257835,0.30797270943824057,0.5359327955015186,0.0034908109538656666,0.00349930517638915,T4
0.5665623400708653,0.001294599366169704,0.001291997995867523,0.17277588629117419,0.0309226967445373,0.22715247953138595,T1
0.014229558253004222,0.0015064486015254068,0.0014983361206008388,0.8634122804568269,0.0014963003178752657,0.11785707625016731,T4
0.5759839244966855,0.4201408705620355,0.0009656680884735076,0.0009730192081847584,0.0009690729907110574,0.0009674446539096435,T1
0.33591971714335284,0.001933309163527023,0.02820331471650639,0.6300579976752804,0.0019411821034576423,0.0019444791978757716,T4
0.19369034788701964,0.3817904093888957,0.0014788367180077178,0.4200837012448072,0.0014792721463787169,0.001477432614891122,T4
0.33825060568046017,0.5708921738975272,0.001680527520855499,0.0016846108565850043,0.08581196902963677,0.0016801130149355409,T2
0.3957284595754862,0.4235740336670565,0.04657051172418239,0.1309590541671702,0.00158861528750287,0.0015793255786017701,T2
0.28612263748464317,0.0016377284611074434,0.6845527947352708,0.024427196679840252,0.0016311344301611853,0.0016285082089772679,T3
0.5875857143846441,0.001546838008792195,0.001542853186375945,0.31201230724824996,0.09576768973279168,0.001544597439146038,T1
0.0034295661821984054,0.14042642730645316,0.003438364946082881,0.8458565861568272,0.0034394324945326883,0.0034096229139056323,T4
0.0029443173906011895,0.002951844843117539,0.22985574645787907,0.7583760158019577,0.0029347336273610075,0.0029373418790833604,T4
0.3548235578386135,0.3342912394799023,0.2173448815988628,0.0903591950416256,0.0015914824700129803,0.0015896435709827235,T1
0.506831522394805,0.4791860776302969,0.003499670939683965,0.0034868498424307603,0.003493743511331462,0.003502135681451814,T1
0.0034841506376203854,0.0035073365745802577,0.3599312470181488,0.5582824053422056,0.07128133597910807,0.003513524448336715,T4
0.34851689204598285,0.0445048161594345,0.046534303705102795,0.3718878615703918,0.18686704147371935,0.0016890850453686968,T4
0.825485602072688,0.0016583802478997395,0.0016644516294778916,0.16786151370970878,0.0016626985517535049,0.0016673537884720345,T1
0.00305549661904022,0.21575409658063227,0.10178940079218417,0.42351877300257884,0.2528174712106251,0.0030647617949395305,T4
0.13347590460110492,0.0012404881316056776,0.0012403750578190203,0.7267540162910928,0.13604715131902564,0.0012420645993520074,T4
0.3613109001378772,0.07263915540600534,0.25339256535072646,0.039614792488282376,0.19634865838286972,0.07669392823423893,T1
0.001468179410697123,0.0014644495520488503,0.7202739482329706,0.2738613908420265,0.001460554509291637,0.0014714774529651492,T3
0.0009191175611704237,0.0009178398964283534,0.28389267710110144,0.7124339270822319,0.0009198172928242583,0.0009166210662436854,T4
0.374378643498563,0.0011691116048133542,0.0011678403654491044,0.3691376095773496,0.0011629922471324597,0.25298380270669263,T1
0.0008615942560101856,0.0008653294143107326,0.0008659475702932086,0.0008645801497735401,0.12787420374918454,0.8686683448604279,T6
0.41876052953538206,0.0014512912562451943,0.22660933539675107,0.35028338406944465,0.0014452799014730048,0.0014501798407040721,T1
0.9766319888808376,0.00467003921957345,0.0046715010716855895,0.00467703736348009,0.004703488438162245,0.004645945026261045,T1
0.0011896053615384706,0.0011974516971100945,0.001198961783244018,0.7435645879937919,0.12000563523579777,0.13284375792851763,T4
0.17666253681789568,0.003588553790232979,0.7647144850101228,0.0035730208733531425,0.0035603661043888033,0.047901037404006676,T3
0.772649490256685,0.0016751667795280826,0.001678538498572244,0.22064082052203818,0.001683863357916015,0.0016721205852604146,T1
0.5940826340890681,0.0016911296136029607,0.0016972183604895671,0.0016994625878842212,0.0017062225107138237,0.39912333283824125,T1
0.08827458195640327,0.0015037132704830787,0.29470666329128564,0.612506353363285,0.00150592134090631,0.0015027667776366497,T4
0.7414663329399032,0.0014687377987668926,0.06800399783070976,0.18613189268450228,0.0014577507035477746,0.0014712880425701896,T1
0.5645625306664636,0.0024061774223355,0.0024069421575331827,0.19391530366845242,0.0024061267232026906,0.23430291936201264,T1
0.40545932766529974,0.0013414881767818047,0.0013353297238589215,0.16813771046459455,0.30934192133895766,0.11438422263050733,T1
0.001307219563616213,0.6437026718471588,0.0013030754445004136,0.13458111387345054,0.21780133965378015,0.001304579617493689,T2
0.0017025284927683557,0.3198205786381382,0.5245204391900893,0.001703153785904111,0.15055773994549243,0.0016955599476075848,T3
0.6939044542091993,0.2155709967926171,0.0018397271767679778,0.08496646956394002,0.001864359324294759,0.0018539929331807107,T1
0.0029378699415796464,0.0029519550857593684,0.68412827505144,0.0029596922198947217,0.304071687067624,0.002950520633702361,T3
0.6206818122297629,0.12731244277273143,0.1452536111067432,0.0015051561431305568,0.0015114692380109951,0.10373550850962075,T1
0.6053649271647159,0.0019998674858459314,0.0019972923032105143,0.0020085620229502712,0.38661582960682567,0.002013521416451794,T1
0.0021537822813220324,0.0021491010753730247,0.0021516298012089464,0.2849368227568003,0.0021643862990643943,0.7064442777862314,T6
0.6953191089808136,0.0014526843873647133,0.001453348288076409,0.13374364487625504,0.0014474201063845809,0.16658379336110554,T1
0.32700576757882543,0.0021549645462640306,0.0021560709519241037,0.31378855103375264,0.0021534753027767336,0.35274117058645704,T6
0.40625677525898324,0.10335717023007329,0.12608308868099036,0.2766783781040772,0.0018446731253009927,0.08577991460057482,T1
0.3427700015712149,0.0018101062097847747,0.40738349889554654,0.001806035985288873,0.11067194948453632,0.13555840785362872,T3
0.3518943642627264,0.0016439512447355886,0.001646532474434488,0.47272855588653256,0.001643188104349194,0.1704434080272216,T4
0.14337125509744478,0.001623470290298272,0.7201711910007289,0.0648168384993532,0.06839951643064034,0.001617728681534519,T3
0.5698634964840986,0.050623521868871015,0.002344788920568514,0.002344121747159552,0.0023352293210672443,0.37248884165823515,T1
0.023652176577477178,0.14900445688614364,0.00016127816443643763,0.00016128109134319314,0.8268597568558083,0.00016105042479123746,T5
0.22204331551969242,0.0017109798075859379,0.0017090637157860565,0.7711148389370217,0.0017118135437189789,0.0017099884761948893,T4
0.4777826980039309,0.0023366631247447377,0.002339696610054193,0.5128776971040486,0.0023270676711278416,0.0023361774860935127,T4
0.2430515785149234,0.0026215122589722294,0.541227772954644,0.20783985332789076,0.002633133813719436,0.00262614912985038,T3
0.986894244997834,0.002620285982324417,0.002617926768670883,0.0026180614171590513,0.0026167623789572704,0.0026327184550543354,T1
0.986894244997834,0.002620285982324417,0.002617926768670883,0.0026180614171590513,0.0026167623789572704,0.0026327184550543354,T1
0.3463183326713498,0.6453878823509116,0.002077617272380591,0.002082825358536809,0.0020667988464476233,0.00206654350037356,T2
0.5111477162735396,0.4167457388666329,0.0018851930144424967,0.0018937125149068768,0.0018820662427021513,0.06644557308777582,T1
0.14740669846182783,0.5343895186220418,0.00444658354056928,0.30487695790860486,0.0044285021654915215,0.004451739301464746,T2
0.7411801743024212,0.0014759025782620048,0.2352587654437287,0.0014708341942437108,0.019146442837354723,0.0014678806439896123,T1
0.003236903695459295,0.0032326291252675163,0.0032434032504120094,0.7784034364793586,0.003236664114964402,0.20864696333453797,T4
0.5384032827502132,0.2573506844083017,0.13317617345051613,0.001628815090751565,0.06781070626912813,0.0016303380310891636,T1
0.5324024278012647,0.0010610286813774572,0.10319708132713072,0.3612174929387475,0.0010607897650926927,0.0010611794863868568,T1
0.7218536635298854,0.001369613573082547,0.03424401453346835,0.23980953370425526,0.001361397599347544,0.0013617770599609195,T1
0.0033656597333480936,0.0033706749315397296,0.3811210594380148,0.6053824011849874,0.003385889208559124,0.0033743155035506935,T4
0.5662050830752413,0.0013326405656027074,0.0013317437745763913,0.4284716069673441,0.0013298171711087128,0.0013291084461267441,T1
0.4351453748799476,0.0037428552623115403,0.003740354002952723,0.39236875332659715,0.0037211114217223645,0.16128155110646875,T1
0.9897141630371846,0.002065924763117998,0.002051869746481655,0.0020588424009847887,0.002057119220995357,0.0020520808312356155,T1
0.8716368263914879,0.002075367087554368,0.06315805349017639,0.002085833625585252,0.002068084395757524,0.05897583500943859,T1
0.3031762701115176,0.21749879735346286,0.14844378547816237,0.1992312721756617,0.0017699998185050532,0.12987987506269036,T1
0.35461134761271335,0.002438711328713284,0.4581092463797249,0.1799758387571443,0.0024330565684309658,0.0024317993532730286,T3
0.4667501405861095,0.44248785598214857,0.0009806127817319314,0.0009820404183682517,0.0009848332920060758,0.0878145169396356,T1
0.5753427616847426,0.32758431293388135,0.001031015744382005,0.09397180801469547,0.0010351466658915047,0.001034954956407208,T1
0.40581579263119255,0.1949411496274607,0.003512594697724718,0.38872424330126304,0.003497286566421972,0.003508933175937118,T1
0.12043179994693123,0.000842482775254508,0.0008420166321387447,0.4498596114712793,0.0008382719820795711,0.4271858171923167,T4
0.5403225187291992,0.41148819022125704,0.0021484718181176686,0.041751412468018514,0.0021406545073337007,0.0021487522560738417,T1
0.31634162971120156,0.0015125284311809735,0.0015202782651339093,0.4036331347543879,0.00150988746538345,0.2754825413727123,T4
0.6926869154827693,0.07273501839362422,0.0017686892333070045,0.22928109559672225,0.001767184877104185,0.0017610964164731994,T1
0.8630960095624796,0.0015699834858573466,0.13062855843315774,0.001573780011526652,0.0015658097179039488,0.0015658587890747964,T1
0.6031699675841509,0.27049268901828627,0.026230365476928072,0.0012239423101806496,0.09765015843317497,0.001232877177279233,T1
0.5412656121579514,0.039291054109235696,0.0015967033769289187,0.41464626919577774,0.0015977997233596495,0.0016025614367466189,T1
0.4016722952204677,0.0019354943923473819,0.0019384897679743985,0.5569469724672372,0.0019318825413340535,0.035574865610639196,T4
0.19768116622115894,0.21722068918277,0.0013603473665214547,0.5810251815819636,0.0013576689510696501,0.001354946696516304,T4
0.5264205788505529,0.002162860673190451,0.16987763210135343,0.002159959968460047,0.2972118534427164,0.002167114963726503,T1
0.3360393725013992,0.2810842862146127,0.0018083953089042236,0.001807723976504291,0.09703146218759634,0.2822287598109832,T1
0.7008211815980907,0.001867677622703493,0.0018701475763789552,0.2917126663768107,0.0018642710105213514,0.0018640558154947025,T1
0.1926285917109254,0.3638464104571049,0.0032864622136921018,0.43365474206310667,0.0032857850274415085,0.00329800852772961,T4
0.12902076002313143,0.2713370139777266,0.5943867450596013,0.0017582132090309544,0.0017496844636242846,0.0017475832668853665,T3
0.3846431027458765,0.00209743814616722,0.19092253933661538,0.418146869791886,0.002098680861409484,0.0020913691180454307,T4
0.1796180043678409,0.0017332577227333885,0.0017361447066777064,0.10268623809113243,0.0017374616155290052,0.7124888934960867,T6
0.5206175340266459,0.001910997222548362,0.0019096085008505142,0.4717283331133686,0.0019137648301126322,0.0019197623064739489,T1
0.40049695149838704,0.002132530041878679,0.0021265939282515073,0.5614488356815955,0.03167014018660734,0.002124948663279971,T4
0.2966283662668078,0.0016615224885341143,0.0016707232992748062,0.6967247095829767,0.0016587067766552688,0.0016559715857512992,T4
0.32685715352447525,0.13394636367412927,0.001082197619624277,0.38367474790379175,0.0010787319406502954,0.1533608053373292,T4
0.1172317635314115,0.0015191756522956515,0.0015361882852067874,0.8766774398784661,0.0015160900781599651,0.0015193425744599047,T4
0.5960585167885593,0.015350155637833773,0.0013816377953562787,0.384460392978093,0.0013751109116247804,0.0013741858885329195,T1
0.09083316068850206,0.36065899008497704,0.16597885992035893,0.37799223958329087,0.002259689148342531,0.0022770605745286647,T4
0.5074629014933739,0.27281370314380504,0.08369193697336907,0.1336691213830638,0.0011789772025421253,0.0011833598038458212,T1
0.17161387664002006,0.003106780502385842,0.276815782068036,0.5422354776857257,0.0031315063974659656,0.003096576706366519,T4
0.16359862997179284,0.3325389515831326,0.002639895100842172,0.43155807349536746,0.0670449042113077,0.0026195456375571616,T4
0.34709444900371644,0.0013087774858207691,0.0013190782125772874,0.5041180085835735,0.0013085161602046063,0.1448511705541075,T4
0.8228323438940782,0.0015607947980679313,0.001555718947676114,0.17092943958639742,0.0015553761370090844,0.0015663266367713631,T1
0.47661298415314335,0.39984116397900676,0.0021903583561542505,0.11700270833355327,0.002172380216079367,0.0021804049620631726,T1
0.3634900539253884,0.14759130992562638,0.001796182837644423,0.44408677602153046,0.04124875909261176,0.001786918197198471,T4
0.18654129039730658,0.6335658603083603,0.001652407540102908,0.174944736011775,0.0016465562615945273,0.0016491494808607537,T2
0.5363217109205407,0.12893562730931687,0.002728378218275175,0.2681118473901899,0.03291006125909249,0.030992374902584822,T1
0.6739323126398479,0.0013103738519950811,0.0013010424368697301,0.32084151673968814,0.0013077797046507334,0.0013069746269483145,T1
0.0019091802124968304,0.0019106938278541108,0.32050858403124227,0.5620930390600298,0.11166980270321725,0.0019087001651598757,T4
0.38522948900174975,0.0021306080814503647,0.6062536932358893,0.00213116278674182,0.0021264272167376367,0.0021286196774310193,T3
0.4424882747246134,0.5128150876317504,0.0394492152496086,0.001751645912038121,0.0017453495418619763,0.001750426940127525,T2
0.5723074161491929,0.007676262575451827,0.007670714554349193,0.24235955152518254,0.007627360364581225,0.16235869483124218,T1
0.6542346621871755,0.001424046885307149,0.1941879171741496,0.14730608475774146,0.0014249431909660075,0.00142234580466033,T1
0.33236793744688564,0.0017457805260527744,0.0017520649581388784,0.6606486633276057,0.0017408182763692522,0.0017447354649476022,T4
0.0020990626930445793,0.0020983313720689253,0.24649809283187377,0.7451191543624669,0.002092114482275813,0.0020932442582700965,T4
0.6402423870934464,0.0025063539956378133,0.0025072465747169584,0.34973089403856017,0.002506798782337399,0.0025063195153013106,T1
0.17138623409384943,0.428440122163998,0.2453511526522548,0.0018743440486636354,0.15107058029698048,0.0018775667442536886,T2
0.33685852691868623,0.0018510649276083,0.22199324265014936,0.4356063769413907,0.0018419518854553092,0.0018488366767100716,T4
0.5503042494481588,0.0023075354224688887,0.0023198054428360928,0.08605156020838434,0.00231947511085815,0.3566973743672936,T1
0.35515984056532274,0.0014606877128991143,0.3475579848367734,0.2929070418662061,0.001454972258076807,0.0014594727607219464,T1
0.0038917142611212155,0.5601621812352191,0.003914358673365354,0.2658405662916057,0.003937910360106949,0.16225326917858185,T2
0.6576840185944146,0.0022837772768594705,0.23149295281614266,0.10399046019987437,0.002271214931975367,0.002277576180733476,T1
0.5123827429804301,0.0024787260734963684,0.002469108769774828,0.47771106984617673,0.0024876235553014455,0.002470728774820851,T1
0.19765295775756395,0.18890618303046952,0.1667567774860732,0.0018292398821213279,0.04067421414195222,0.4041806277018199,T6
0.004568288767464055,0.004541296108888963,0.06406571121121342,0.8013242167505374,0.004518759843421133,0.120981727318475,T4
0.2035036561705387,0.21631788499379517,0.26695894613184384,0.17955507980919166,0.05502809105439007,0.07863634184024051,T3
0.5310972650429407,0.0018412710278509514,0.001831351593115133,0.2780956496529373,0.10453177603650719,0.08260268664664862,T1
0.5102403648936817,0.24399705662288057,0.0016336417031507804,0.24085984495588206,0.001641026541133111,0.0016280652832718738,T1
0.2613926690937546,0.43613120754367835,0.2981317065459996,0.0014506599353635878,0.001446751166555751,0.001447005714648268,T2
0.4924480956719799,0.0016323313360374638,0.3120634432554014,0.1905839556248063,0.0016410186224731019,0.0016311554893018872,T1
0.8166108444007972,0.0014607761451097675,0.0014547127338563946,0.17758136888927564,0.0014451804393702185,0.0014471173915907016,T1
0.07635458045560128,0.004322890897536021,0.6110362994393582,0.004328478489315897,0.1832586618802346,0.12069908883795404,T3
0.3812365586209553,0.0018082492282924904,0.12091977755779174,0.0018098158569603176,0.3720667971662582,0.12215880156974186,T1
0.6490929524492817,0.00129338722321415,0.20163539040679324,0.1453927481609565,0.0012947746203322832,0.0012907471394223169,T1
0.239716717660205,0.3271057118008809,0.001999686209782069,0.4271713554969382,0.0020008557417053553,0.0020056730904883745,T4
0.31828459066460596,0.001876443973460342,0.2852392811198954,0.0018736071446586841,0.0018696857142961067,0.3908563913830836,T6
0.6251395636524553,0.12310214037216034,0.0018643293054664135,0.24615631221649778,0.0018702260373569105,0.0018674284160631297,T1
0.3319943459473149,0.24158816871404692,0.12752506527457574,0.12740741675898562,0.0012915632876427886,0.17019344001743403,T1
0.001683854273764005,0.07204117652028796,0.13080954087188582,0.7921010116730391,0.0016834272626271621,0.0016809893983959529,T4
0.0012978089916108003,0.12390274016365056,0.0012947156223913827,0.7167801119896337,0.15542997816829052,0.0012946450644229922,T4
0.7179885084813955,0.0014981328012854019,0.0015050811742579509,0.27600610747054566,0.001502623252707002,0.0014995468198085048,T1
0.09015478639342274,0.5619644045996058,0.001746319686074877,0.3426308592987881,0.001750886891227071,0.0017527431308814515,T2
0.4422916816737403,0.12562144516939439,0.026750427480675274,0.1622889592384975,0.002049761016828269,0.24099772542086423,T1
0.14231525095783001,0.18490967141076245,0.0014249832857725858,0.48184774439068195,0.11634968793607374,0.07315266201887928,T4
0.9876230359782728,0.002484579268452776,0.002476141559974229,0.0024655451594601755,0.0024775055401607318,0.0024731924936793126,T1
0.5525870822308386,0.0019150923071795938,0.001914191001831712,0.3232949388686671,0.001916036041075349,0.11837265955040753,T1
0.7221484533202426,0.2707765194433043,0.0017652521341010028,0.001776394046669811,0.0017649031727886328,0.0017684778828936697,T1
0.8993190564962122,0.001282168571901871,0.09555878946135879,0.0012827743569795464,0.001277985127910409,0.0012792259856370977,T1
0.3015573584132659,0.07038373346450463,0.0014854248751548333,0.6236231130770696,0.0014767434110743022,0.0014736267589306245,T4
0.06958753727283316,0.6283533929817506,0.2980949146071993,0.0013255785150119198,0.0013190168887807791,0.0013195597344242134,T2
0.0025412955152644312,0.8701255294414947,0.002548176555947424,0.11970379810660249,0.0025425315186124666,0.002538668862078564,T2
0.26727689650820413,0.1610406169025085,0.0016135126810284232,0.5105574543688036,0.057897615707921575,0.0016139038315337066,T4
0.405862538311831,0.25389263995396943,0.0010508649179532979,0.3370922502734004,0.0010487267297195656,0.0010529798131263405,T1
0.1407819273864651,0.40795644087594257,0.0018742457694117926,0.0018656216431340333,0.0018596561565239233,0.4456621081685226,T6
0.2803360723219271,0.18801577897089983,0.001364163287391132,0.1528430410916928,0.3760689798400956,0.0013719644879935033,T5
0.08214115123294685,0.3671481845958231,0.38579303097227946,0.001284438295287186,0.028163785498558965,0.13546940940510444,T3
0.819637998717586,0.0014928952455229164,0.0014897456290804672,0.0014968269188406513,0.17439385592921755,0.0014886775597524318,T1
0.003813370349889823,0.0038220439147172314,0.27120084469936095,0.6552733841125222,0.062087126292121424,0.0038032306313883248,T4
0.47889590260601145,0.0016670060180447458,0.10055640235487928,0.24194374616853867,0.00167766097827274,0.1752592818742532,T1
0.4906462083533597,0.1944237386886693,0.0012607987644822753,0.31113513793502956,0.001269018248066071,0.0012650980103932382,T1
0.5659868087347129,0.2000020353608387,0.001483640887107285,0.21344323971651732,0.017598118962158522,0.001486156338665279,T1
0.0022821423395181393,0.863964097311348,0.0022738750113388963,0.0022630524702015853,0.12694794762393732,0.002268885243655859,T2
0.2524413433797475,0.24945777697377475,0.001551784792660951,0.49345881040205614,0.0015452094098204598,0.00154507504194024,T4
0.42061190843863594,0.001753681254906741,0.0017591643283231637,0.4940505273411061,0.0017473697029283344,0.08007734893409967,T4
0.1676549727144593,0.2034933262562437,0.32331701425405696,0.0014748697336488031,0.17213342090615577,0.13192639613543541,T3
0.6540412721927734,0.0015398223874767128,0.0015362829872532671,0.0015364769165224304,0.0015462713809290998,0.3397998741350449,T1
0.0013491765744016915,0.0013480083302852878,0.4235502080872995,0.5710697975092933,0.0013414478001285853,0.001341361698591613,T4
0.0012936855780539631,0.0012928560811007682,0.001293191838153195,0.001287587446508038,0.9935342027661859,0.0012984762899983114,T5
0.5449811484267788,0.13105155353990844,0.31705185742721576,0.002312887672610154,0.0022971326111848227,0.0023054203223021705,T1
0.002300469847148323,0.0023023358088478936,0.14786849971759936,0.8429275235123059,0.002303010813726853,0.0022981603003716074,T4
0.5530798570390635,0.05022654636124946,0.25665790437585123,0.001453645211479678,0.001451852889276979,0.1371301941230791,T1
0.6907313300044078,0.0013483411732900174,0.11139001021228206,0.1938284336618183,0.0013601288680448005,0.0013417560801570647,T1
0.6248289077412656,0.0020459209506036575,0.0020538017248224543,0.1755183346937075,0.0020453782085272584,0.19350765668107356,T1
0.0667520973732694,0.0019604719772017137,0.001954659267858156,0.32098414021436433,0.05746595072907344,0.550882680438233,T6
0.20936612626421175,0.001126291102020383,0.4315204646408077,0.001135136531242662,0.0011285680127990209,0.3557234134489185,T3
0.3721157331728039,0.3986746611858088,0.001319866091824893,0.22523188824776083,0.0013352667589650988,0.0013225845428365046,T2
0.24322392578875224,0.36365807261892474,0.0012722834043656446,0.0012780093616453622,0.09069176156125827,0.29987594726505373,T2
0.13084824732686418,0.5903739294476736,0.0016919766236256526,0.001703354973515047,0.19396136826321606,0.08142112336510551,T2
0.00258765679433279,0.14239764194521987,0.4025234501046518,0.44731612303639046,0.0025966751487874018,0.0025784529706175847,T4
0.22379468064674105,0.13069326508089962,0.2102809497541885,0.15316256453725044,0.06122109694404809,0.22084744303687223,T1
0.15247649796883694,0.42289856170114787,0.001013044234637941,0.001012171398747881,0.0010102826266941993,0.42158944206993504,T2
0.30537727368509315,0.0015163846142557465,0.07699815888050324,0.6130718702053878,0.001512829754968166,0.0015234828597918688,T4
0.0011216428969481342,0.0011122640157922106,0.38722929131520745,0.4673183309594376,0.14210795105159713,0.001110519761017598,T4
0.0014623803457498212,0.0225397933200907,0.5675112441055,0.0014668384309729258,0.18612952987139744,0.22089021392628924,T3
0.3059172385169131,0.13709513093442652,0.0026792031115701336,0.18683645310591288,0.002672755980861137,0.3647992183503163,T6
0.0014036037624152212,0.0014026579537772786,0.0014055253168359578,0.1488345027112285,0.24826545327125965,0.5986882569844835,T6
0.03636509211478817,0.7414848109233823,0.0012743010431441315,0.0012774317987579334,0.0012706489106055897,0.21832771520932195,T2
0.35353155461761665,0.16631336228725674,0.4738375418830194,0.00210525420290706,0.0021031524599051834,0.0021091345492949697,T3
0.45697545968207814,0.001842711305577373,0.27575684556477936,0.0018487445657954934,0.0018439294645279146,0.26173230941724185,T1
0.005974831523840788,0.0060047790897770495,0.15184766652040943,0.8241008978510298,0.006015337813061138,0.006056487201881795,T4
0.0023982154432909317,0.0023982101867191033,0.48060809935995885,0.5097894662654205,0.0024115628218310636,0.002394445922779452,T4
0.21615818273736442,0.385281663215601,0.18657744452236416,0.20959402498776522,0.001191399931625788,0.0011972846052795397,T2
0.01285358940426006,0.01289472447518881,0.012905418655050268,0.9355901321903614,0.012924258784408126,0.012831876490731312,T4
0.002426512272645221,0.0024322262978741663,0.13422070654463075,0.8560595611224011,0.0024337428569703363,0.002427250905478385,T4
0.1892037934742435,0.001679111362733326,0.0016899278314616805,0.0016898050122278415,0.001680878343974006,0.8040564839753597,T6
0.8507746064837074,0.06117800698684475,0.08105841044245159,0.00233756083877831,0.0023217968911543258,0.0023296183570634134,T1
0.0916598995015384,0.03866430297291339,0.001769580520958559,0.7917417516056087,0.07439553501447077,0.0017689303845102105,T4
0.15907618988028432,0.42947924992886116,0.001417609984296719,0.4071929320101197,0.0014159762534104445,0.001418041943027625,T2
0.08278499897574539,0.37317696754171614,0.10498994259004439,0.012511878364644076,0.38833728127291084,0.038198931254939,T5
0.660619948019143,0.0018922599775546827,0.0018891647592372374,0.11779151996733359,0.0018845230859313778,0.21592258419080015,T1
0.904024848900817,0.08665356130161755,0.002330537273682773,0.0023407906190275126,0.002322137797487233,0.0023281241073679253,T1
0.8595107850430177,0.0019550920017715706,0.001947031308966848,0.1326813314992253,0.0019455659979417967,0.0019601941490767303,T1
0.662049194627945,0.0029862157872850023,0.32594562512969105,0.003008160826635718,0.00300182638471981,0.00300897724372368,T1
0.70852967934264,0.0018855817476591049,0.001885843612795206,0.2839012063531788,0.001909506520797147,0.0018881824229299204,T1
0.0016277364762024124,0.1680147269921073,0.15388512955228478,0.6732131276432559,0.0016302946858737437,0.0016289846502758442,T4
0.0021872764950842494,0.22898972100103335,0.0022050820152926124,0.7622507981586474,0.002178231040460484,0.002188891289481774,T4
0.14926402802729927,0.003165577833799342,0.24740091920957968,0.5938249238362472,0.0031706772510186085,0.003173873842056022,T4
0.5564560786485843,0.10444189262212138,0.0018945406456615291,0.13977542675794022,0.0019143210307897283,0.19551774029490304,T1
0.1549734139325603,0.11667937791305058,0.0012863328997891985,0.5227385665286881,0.02585948719604524,0.17846282152986653,T4
0.615284693255839,0.375379312367508,0.002338807263259825,0.0023329463735694903,0.0023312939793260577,0.0023329467604973017,T1
0.0016549760250019953,0.04182949852570231,0.33782223381784987,0.44831095717957076,0.16873882802591675,0.0016435064259584977,T4
0.0018262619911580606,0.12693439515556815,0.5028973850957561,0.20521628616185958,0.16130164635466143,0.0018240252409966525,T3
0.522601920437602,0.0018657803065172196,0.0018707535342713541,0.4699330290008565,0.0018621949809917067,0.0018663217397612668,T1
0.30026339844182703,0.0986085765035732,0.15590635944109868,0.351857515976865,0.002126891850402277,0.09123725778623383,T4
0.06857143638347221,0.22710461722116268,0.0037393847659417056,0.6319342675097936,0.06493010329020524,0.003720190829424365,T4
0.08969908731982679,0.19513285805664043,0.09471578245913159,0.3263478695778173,0.06823680004704806,0.22586760253953592,T4
0.3064148847619333,0.14790932156422024,0.051720694112011814,0.4906141003538591,0.001671702211431518,0.0016692969965439806,T4
0.41629920896580574,0.12788805273121193,0.4508164327352243,0.0016692501821787486,0.0016675193824949777,0.0016595360030844252,T3
0.17922689630044783,0.0013951840979192537,0.0013995771526114282,0.783443014879605,0.03314001099969577,0.0013953165697208423,T4
0.0028970608003195965,0.0028900989680592033,0.15750410924808653,0.8309226801021091,0.0028933654008901355,0.0028926854805355266,T4
0.5633033427101313,0.10116823008540954,0.0022512926401163074,0.1879440710627687,0.1430853026534663,0.0022477608481079885,T1
0.23694726898216578,0.2488499038029632,0.06117812008644243,0.14371150560417068,0.04529582946145343,0.26401737206280435,T6
0.49876802309279983,0.1430195878641684,0.002897777394913044,0.2878988572232611,0.0028847750981356363,0.06453097932672207,T1
0.45894631032350264,0.23351258445377318,0.0012474425242993141,0.30380134660832875,0.0012451969538066195,0.0012471191362894744,T1
0.5153216864748315,0.003061528880913034,0.472467013594339,0.003060483572315753,0.0030499338462480425,0.0030393536313527217,T1
0.7648640989420189,0.001126570619934205,0.06878990741092601,0.16297900819066433,0.001117449313886514,0.0011229655225700557,T1
0.0016582902436286296,0.001660937319786484,0.3163694169358913,0.6769966873311408,0.001659156512174587,0.0016555116573783158,T4
0.001785587919153828,0.2267851433759917,0.19378059682782156,0.3094288162624182,0.24507727817709202,0.023142577437522863,T4
0.003014790331994965,0.0030104446502534792,0.0029915145313223978,0.9850057582824124,0.002987077577501756,0.002990414626514908,T4
0.041783423427635906,0.1671430839367563,0.2431971092796892,0.42372640500976716,0.12264755838367335,0.0015024199624779498,T4
0.13433748845556562,0.0026237138017164868,0.3243085197029801,0.09165964650635632,0.3870908896957651,0.05997974183761637,T5
0.5552799201983588,0.03924928550633219,0.37021616030126764,0.03178076318690389,0.0017422995759030955,0.0017315712312344345,T1
0.1823236872260876,0.6929830095548905,0.11888916021691766,0.0019386307407368716,0.001927333795564601,0.0019381784658027946,T2
0.07680089621887973,0.35923717049253606,0.0013670401766395174,0.001363392217727518,0.1961579893938037,0.36507351150041345,T6
0.9947080846887425,0.001060743568482592,0.0010560287230535488,0.0010539374573534021,0.001061754545472929,0.0010594510168951531,T1
0.5335502163428132,0.0027101483929476036,0.35943936388705744,0.09885628157706366,0.0027071571633297724,0.0027368326367884243,T1
0.28130002028966633,0.15992043130916858,0.0012484354938201597,0.38851389874380027,0.16777379275420629,0.0012434214093383295,T4
0.25405686681133244,0.0037372047980835364,0.24780885632568925,0.48692424138316276,0.003741594341507637,0.0037312363402243784,T4
0.1072980431735809,0.45723403807892504,0.22187435515223533,0.0017700020470740982,0.0017682168413930344,0.21005534470679163,T2
0.17353817877530914,0.5897117966780526,0.003174213022301176,0.0031694797018306177,0.0031757278134626546,0.22723060400904385,T2
0.2668969758036068,0.1518055741157654,0.3289150314199436,0.0034391629528498897,0.10877827878357675,0.1401649769242576,T3
0.20926618156200447,0.25976004381611845,0.2470792683164508,0.002660639146896465,0.2785766641344079,0.002657203024121925,T5
0.5572419584120485,0.33521111354500177,0.0019559990784338206,0.04029742049523524,0.001964820097557547,0.06332868837172327,T1
0.001876009145803932,0.4823490453563802,0.0018665341370362623,0.5101785638276537,0.0018637963886068791,0.0018660511445190763,T4
0.5202468374011808,0.09043974607525276,0.2628346001447353,0.12402295885169382,0.0012253904651004384,0.0012304670620367037,T1
0.0022737293935872578,0.4595155293887498,0.0022729622778651054,0.5314021248895586,0.0022636809317554784,0.002271973118483935,T4
0.33827214245010884,0.0017381591687447584,0.0017503039539100973,0.6547689818039011,0.0017426977475975712,0.00172771487573776,T4
0.3273360230471239,0.07489646629868932,0.0018992980750944838,0.5920952897650227,0.001888203325372562,0.0018847194886972081,T4
0.002157674930762833,0.22261196150497942,0.0021589137594207036,0.768761019006653,0.002156476416051771,0.002153954382132287,T4
0.6517011655116569,0.0015294599624498702,0.0015303008599731353,0.3205826021649511,0.023133774854019407,0.0015226966469496324,T1
0.7535600391498529,0.0017322046174835556,0.001742197451524931,0.23950093359277974,0.0017361405617454138,0.0017284846266133727,T1
0.4139956320311907,0.24557590550951075,0.001588816764274224,0.1851820303966649,0.0015918388412061951,0.1520657764571533,T1
0.3725383579206429,0.002186407602053723,0.0021982680585924744,0.618714007043022,0.002181281000434006,0.002181678375254861,T4
0.1899704804857333,0.6376299540057867,0.1404328705224075,0.0013939324034227172,0.029171829200111302,0.0014009333825385425,T2
0.0011065748545343228,0.7271430689690779,0.0011061359356205418,0.2684296252534872,0.001102868544657263,0.0011117264426228923,T2
0.3309131542897644,0.20488716904370227,0.0011609895070972317,0.19289480369498513,0.08107860508720269,0.1890652783772481,T1
0.42116756123743415,0.0014752728429253507,0.0014762373922667848,0.22617767407383238,0.0014692108729158456,0.34823404358062554,T1
0.185878994504905,0.06891180004745671,0.48326878140232293,0.21800428685120543,0.009874092253772239,0.034062044940337745,T3
0.22386173525325465,0.00215414264467412,0.0021610612458632895,0.19945766226829853,0.002161249578869605,0.5702041490090398,T6
0.0025880022658552547,0.0025778295662903642,0.28813891647162165,0.7015166083036057,0.0025871341436070295,0.0025915092490201947,T4
0.0011928519521808947,0.37043893777118103,0.26229983152046654,0.3023715510853428,0.06250807336734909,0.001188754303479588,T2
0.34540340154743243,0.4376189811025839,0.08903162783517864,0.12411408504760747,0.0019073885201531659,0.0019245159470443799,T2
0.002302451702457699,0.0022984061617006757,0.0022999017618993887,0.46571888305007914,0.00229538889447875,0.5250849684293845,T6
0.0014762902409507616,0.1453660085191977,0.0014813651026886823,0.5888559358643947,0.10327510993365784,0.15954529033911036,T4
0.001414173169261455,0.30305699091978955,0.13394382313912256,0.5587576747213985,0.0014195351196886487,0.0014078029307392854,T4
0.0021317712712240504,0.9893474928343783,0.002125820246905968,0.002142679639502233,0.002120992039723801,0.002131243968265441,T2
0.23072328863500557,0.18876949416840055,0.001220477845802247,0.05686053392271147,0.1041938543193914,0.4182323511086888,T6
0.2970442095574293,0.0017477127052424844,0.0017693537689064216,0.3233006166710829,0.0017475758109156986,0.3743905314864232,T6
0.0015243443776546816,0.0015242598387893921,0.27210174351531924,0.7218034953167937,0.0015248370268469542,0.0015213199245961964,T4
0.8442759103095668,0.0015202092763603097,0.0015160745470800968,0.14965384048721175,0.0015149446586942917,0.0015190207210867594,T1
0.45282943053352676,0.046793768921485124,0.14630019734824695,0.1950012866453059,0.027084361485650143,0.13199095506578526,T1
0.00275186348494088,0.002753260592770148,0.1615751038200865,0.7874276627254164,0.002763281463843381,0.042728827912942656,T4
0.00149824597086322,0.23661241800001132,0.40367945864756594,0.1700580294182241,0.1866551528448668,0.0014966951184687076,T3
0.001993985811356164,0.9900799390126076,0.001989653060992563,0.001990063338546994,0.0019741981931280204,0.0019721605833686725,T2
0.07113896713624557,0.4667609781754724,0.1257999855528016,0.2979038422210245,0.0012343387886349316,0.037161888125821,T2
0.003419158422512066,0.3376730625328102,0.003435878780178416,0.6486085101334651,0.003448573149197345,0.003414816981836788,T4
0.0016981211707844856,0.3830641179724467,0.6101414988319461,0.0017117813448307467,0.001697368531981766,0.0016871121480102236,T3
0.0010067594549803985,0.0010043087588183098,0.25850510194020787,0.7374789921867702,0.0010050996401503446,0.0009997380190729962,T4
0.5416597089077521,0.13313043849996256,0.15977481293770057,0.16158092684344774,0.0019257989009568524,0.0019283139101800224,T1
0.9648109813843424,0.029237812919865918,0.0014830013596259766,0.0014831710032273823,0.00148401279945731,0.0015010205334810931,T1
0.24388329669012426,0.001960089708279445,0.001956882276135181,0.12788700934040165,0.23945965809405542,0.384853063891004,T6
0.00465772737651863,0.004646480608601979,0.0046591535410115655,0.9364946147395317,0.04489678496913121,0.004645238765204904,T4
0.0019578948129632913,0.0019494364663304906,0.0019487030428032627,0.9902485757782646,0.0019456469435808084,0.001949742956057478,T4
0.34413337850673487,0.0015737597397531586,0.0015707506922014226,0.0015737081371351772,0.44734740411120594,0.20380099881296931,T5
0.31025936462414966,0.5455170144227038,0.0016854918128916358,0.13918218243201053,0.0016739837103603263,0.0016819629978840163,T2
0.14708720650760831,0.6692252270866867,0.001847621008851269,0.0018521279163402156,0.001845932951201312,0.1781418845293121,T2
0.0023126552632949165,0.002301864385402842,0.10287461813530094,0.6725083445661729,0.21769821896545985,0.0023042986843685286,T4
0.0015678009034562862,0.7771693624984839,0.0015681678513006713,0.0015701522356586994,0.027008800721172295,0.1911157157899283,T2
0.11169291394275706,0.26252827076774543,0.0018285365400470704,0.4038734561026586,0.0018284375155601111,0.2182483851312316,T4
0.5929543069073755,0.0017707273880793685,0.0017725910552847904,0.3999692643896763,0.0017640157308158972,0.0017690945287680403,T1
0.0017392061619148206,0.2139372274609458,0.342874721024682,0.4379887158376939,0.0017271191968493073,0.0017330103179140626,T4
0.00229877844103624,0.2289318995671523,0.0022746578182168973,0.5792682721882472,0.18494227342548022,0.0022841185598671586,T4
0.001450925798003923,0.0014512013012206583,0.41553378942944796,0.3104942391973484,0.2560105019427559,0.01505934233122311,T3
0.3884986694902823,0.0014671007646937565,0.6056432236997937,0.0014646962576734294,0.001462735241584773,0.0014635745459719756,T3
0.002396110889756232,0.3495347931284498,0.0024192335219735154,0.4761486055753363,0.0651542463015508,0.10434701058293333,T4
0.0013178989650282082,0.001316455425366347,0.655013472845338,0.2895134483383602,0.0013113467519792776,0.05152737767392793,T3
0.00179773829652397,0.001800514507464353,0.0017932618970126104,0.9910304977041547,0.001790328140806393,0.001787659454037999,T4
0.0016705481813543074,0.16670812786295786,0.0016683491603948124,0.6124951867307601,0.001666135976533849,0.21579165208799903,T4
0.12210515452233038,0.5798891023302966,0.0023662603590146347,0.22043556349135576,0.0728275543918911,0.002376364905111429,T2
0.33130933165369236,0.0027994317234649067,0.0028092784565030065,0.6574802634387072,0.002797477086901075,0.0028042176407313537,T4
0.26270983271363657,0.05338780332302598,0.2640432668029732,0.0018751597069833043,0.0019031781571472671,0.4160807592962337,T6
0.05265192815584062,0.0012232273283433429,0.3176942394914739,0.15151257388711392,0.43930116875016717,0.03761686238706109,T5
0.001230302331567592,0.28365710707139447,0.001227483287400924,0.597805693163295,0.0012249661618554614,0.1148544479844864,T4
0.0018083163061879187,0.0017909555084377718,0.0017875177338296283,0.4439919878500312,0.223699786630668,0.32692143597084555,T4
0.21004164556544025,0.0025561165056589316,0.22721110552572935,0.47848492409890886,0.07915083941424252,0.002555368890020009,T4
0.0025752824000329837,0.20454131083600635,0.0025948187841685374,0.7851358513016894,0.0025761030019363818,0.0025766336761664137,T4
0.002196927444150352,0.21088631768929172,0.1380431003257375,0.4349344176267514,0.21175480780018957,0.002184429113879446,T4
0.001299935579813895,0.001295254666438348,0.0012994870386970757,0.6862909492561057,0.001290506421314591,0.3085238670376303,T4
0.29359594132839234,0.30006994963513584,0.0019540948288663497,0.23478589460842939,0.0019650872182362337,0.16762903238093962,T2
0.0012257677857190712,0.31530432228969674,0.25530898686137504,0.20039350112966858,0.0012274632422879233,0.2265399586912527,T2
0.6686795976539638,0.0008380984790649623,0.16743202174725408,0.10873961576584965,0.0008363593178394149,0.053474307036028096,T1
0.1791971622149308,0.19536631643467295,0.5194183980740118,0.002035211139310393,0.0020225862928104047,0.10196032584426352,T3
0.0012004973301417133,0.0012032126140272559,0.09472941001201524,0.838791847415825,0.06287295719095101,0.001202075437039605,T4
0.00150661219091072,0.0015134577794490454,0.13304172903353495,0.562868805354759,0.0014959084341653116,0.299573487207181,T4
0.002024685618996785,0.41440263179928893,0.002034026955579668,0.5133191114107267,0.06619143916259791,0.002028105052809976,T4
0.0015027853222864414,0.9924889915296473,0.0015074817266535194,0.0015002311796422335,0.001499793768019106,0.001500716473751528,T2
0.04703896465165599,0.15384203152925127,0.5332636402555107,0.2606084728219537,0.00261610190923535,0.002630788832393109,T3
0.08771490325503957,0.2400086867032767,0.0014952513542538003,0.39135975619826574,0.2779315516490047,0.0014898508401594852,T4
0.002003034212037549,0.17666512125127232,0.0019999693893227176,0.8153148224992739,0.001996775198902406,0.0020202774491910928,T4
0.027670990012789276,0.16173507697122694,0.001980640820102345,0.4319061299052153,0.37472710756987604,0.0019800547207900693,T4
0.5515005519912514,0.002438565269188196,0.045686759735491786,0.002439541851840245,0.075133521386485,0.3228010597657434,T1
0.0030485887557373417,0.0030575277942581406,0.003068677318937594,0.0030642544504931642,0.98471414369055,0.0030468079900236745,T5
0.26551448504571834,0.0012750253937440876,0.13026341614013576,0.001273021566674978,0.0012698824439676985,0.6004041694097592,T6
0.5750022808416212,0.10186173159401729,0.0015764464677253068,0.001565076848877902,0.0015647744316046501,0.3184296898161537,T1
0.001912445445256765,0.05621233302895435,0.23206981764597368,0.7059968793236051,0.0019080447562941773,0.001900479799916049,T4
0.002026717623636342,0.3461520322548252,0.3678472281242381,0.0020314245497235874,0.20970742883594498,0.07223516861163178,T3
0.20049092245830333,0.0035936375845935344,0.1422042998181474,0.5759136419783457,0.0035623542406661973,0.07423514391994396,T4
0.18416733102969246,0.5883129632515629,0.0016428448866602783,0.2225850434995797,0.00164235800041623,0.0016494593320885895,T2
0.0028375998468302766,0.002840429478592622,0.002840607342442428,0.0028446726867951905,0.9858036802347457,0.002833010410593726,T5
0.0020726679261165513,0.29325902695455586,0.002084816375070699,0.27254967076395853,0.427957378030278,0.0020764399500202316,T5
0.0019091323057729287,0.001915770750587229,0.11786541587684807,0.4925929523643969,0.3160395085922067,0.06967722011018818,T4
0.4197706959102975,0.00193918081743114,0.001942155212197106,0.08912409693560568,0.0019388032554749231,0.4852850678689937,T6
0.1165770577007312,0.17623537470334774,0.1537346875873389,0.5505500415678071,0.0014488841482855764,0.0014539542924895052,T4
0.23120910234361658,0.226635773260428,0.0018055304034984559,0.536741970472095,0.0018056863966770373,0.0018019371236849607,T4
0.3844682868724776,0.02433197628529055,0.0008670418236659589,0.4963309576156207,0.01136882858098994,0.08263290882195547,T4
0.15959796968418655,0.06715503012143027,0.000996388355852587,0.542206799653413,0.08832494656756804,0.14171886561754973,T4
0.6397695516062767,0.0020290566914943115,0.0020428697611510134,0.35212199624857554,0.002017290092743316,0.002019235599759039,T1
0.18915257437966496,0.17184308610204113,0.16214548150975783,0.475097265963592,0.0008813550774824741,0.000880236967461629,T4
0.0013944614590442766,0.21710854551679623,0.22214599665214532,0.49748022683390136,0.0013940147800461287,0.06047675475806662,T4
0.46662310131909546,0.054016815945543965,0.07409298930730117,0.2975244942960364,0.0010181835976029402,0.10672441553442001,T1
0.44382184961347043,0.49103785523587345,0.0603838152127094,0.0015911159739061057,0.0015806112299627223,0.0015847527340777886,T2
0.0015164487363492816,0.3064954559353474,0.0015188267720627402,0.3013969408914803,0.3875642784130911,0.0015080492516691857,T5
0.10842951614468942,0.0020999108975542193,0.21195321675767229,0.2543408566484993,0.4210803803938041,0.002096119157780733,T5
0.37266805396348945,0.2274425183148888,0.002759694717344125,0.39162448670975275,0.0027534869549906017,0.002751759339534328,T4
0.0024647652365887914,0.46274474832948936,0.3320670541087095,0.1977694764868927,0.002465003641291562,0.002488952197028321,T2
0.003986986941432478,0.0039987231192054485,0.0040340709867511815,0.9799983445517568,0.00399289012605228,0.003988984274801725,T4
0.002250351494473956,0.05562090870375765,0.3232170437062571,0.5941538686888357,0.022519358459774184,0.002238468946901304,T4
0.7059250451504804,0.002378673786692055,0.002375340998805714,0.28459351826588114,0.002359268145756483,0.0023681536523841476,T1
0.5416885042954375,0.0024194768724759494,0.13076688861965075,0.3203290128539103,0.002398050696976412,0.002398066661549354,T1
0.16213619937617688,0.2270275610628907,0.0025076910552441945,0.603326059260515,0.0025023018623966864,0.0025001873827766685,T4
0.23535782087889306,0.6571500626740563,0.0021669836061348983,0.10100679076093506,0.0021587761402202875,0.002159565939760232,T2
0.0017839894324008605,0.38631648389457235,0.0017918124125474403,0.4820259465781024,0.0018018528533828456,0.12627991482899392,T4
0.1912700817163168,0.5658442146227528,0.001871100960611706,0.0018726597710454628,0.2372804496299691,0.0018614932993039216,T2
0.07644231431011661,0.0017721487187464917,0.22828257358434298,0.4991106723322533,0.08357347400238575,0.11081881705215485,T4
0.3676427424476404,0.0013084877307865646,0.21086938545104775,0.17042979299468672,0.2484385986301732,0.0013109927456654354,T1
0.0018899555566436043,0.0018990828747967106,0.0018826606171194076,0.0018947556673811004,0.0018779208010369418,0.9905556244830223,T6
0.29669793735598843,0.4854583063301292,0.0020768148221366454,0.14374490825816902,0.00206542157782378,0.06995661165575304,T2
0.1700518890696747,0.7516985152819241,0.001403215751092472,0.001399164935367485,0.0014086619564465963,0.07403855300549471,T2
0.0015560425403346747,0.524271480282146,0.1450107501350063,0.11529134546935889,0.21231030755006872,0.0015600740230853575,T2
0.0030546045600722783,0.4144104652312914,0.09047233313295361,0.3353867268145729,0.15362136275734015,0.0030545075037695445,T2
0.001391535575709478,0.3987922152333343,0.0013881946696737446,0.5956487876870594,0.0013854446031433248,0.001393822231079736,T4
0.0020570275918502215,0.0020514332350028285,0.42376394888258734,0.5680302326692098,0.0020534737067971496,0.002043883914552551,T4
0.04292661035239713,0.0015991440067422227,0.5765472334178596,0.08932926226254255,0.2879965212703169,0.0016012286901414632,T3
0.16528533754709537,0.0021291505969625087,0.0021215115109213412,0.8261923130049398,0.0021240533980064185,0.0021476339420745225,T4
0.29332839301104235,0.4159991624628706,0.2861701562771485,0.0015040112380864349,0.0014977112628858326,0.0015005657479664795,T2
0.4324246703270308,0.0027072047887946003,0.40450874395304504,0.1549538824456632,0.002706076245964508,0.002699422239501945,T1
0.298386755548984,0.2188356242613184,0.05838406138732374,0.0014557607265826946,0.0014598286780471896,0.4214779693977439,T6
0.11397938239998456,0.22902659607765413,0.0012410688620139354,0.286586034639187,0.367929762464898,0.0012371555562623335,T5
0.16458309638308094,0.1321418147930819,0.07666279714327372,0.17598406037513387,0.0011639938750444658,0.44946423743038505,T6
0.0013974497870937763,0.11428198648164584,0.09010797449608633,0.5680762481336576,0.05053362743248722,0.1756027136690292,T4
0.08120081800952866,0.04721968459098672,0.10582857545860531,0.5692559712328249,0.10657575750207414,0.08991919320598035,T4
0.0019973614678471916,0.3274441514588752,0.6645555128608271,0.001999670073024579,0.0020031980825821367,0.0020001060568436736,T3
0.09541478020817351,0.0872402029894937,0.003174969174855555,0.8078499855443385,0.0031544962676988593,0.003165565815439933,T4
0.1622487756272044,0.0017341082618697581,0.24634210951283364,0.161743769136475,0.3827185542991586,0.04521268316245862,T5
0.0024658415500984263,0.22706580537913446,0.1902619778191979,0.5752783110139915,0.002468664123632374,0.0024594001139451225,T4
0.21736092997793885,0.05714985218975041,0.24648302094407465,0.47549375493781737,0.0017575105116837398,0.001754931438734979,T4
0.5590543535219392,0.001831536251623417,0.0018316902082907256,0.4336287306108006,0.001824172669449388,0.0018295167378965956,T1
0.0016645426340379573,0.00166096807945163,0.001661940843398239,0.5258227051242419,0.3339022683540929,0.13528757496477722,T4
0.3812078111746856,0.6123912729351194,0.0016013052704086977,0.001603316901553895,0.0016003540188161758,0.0015959396994162365,T2
0.0013164796951407568,0.47802154716215334,0.5167251451048732,0.0013096728685819683,0.0013153404208149178,0.001311814748435965,T3
0.13694385154420347,0.0015953706352669287,0.0015930962774223672,0.39481680701482996,0.463464457450939,0.0015864170773383526,T5
0.05205997153046904,0.07710893795307858,0.002192109388735138,0.5827723036227477,0.002185017982399058,0.2836816595225705,T4
0.2752582857906862,0.0014032763106918073,0.1105290377566435,0.4567680653174187,0.001407414609271304,0.15463392021528863,T4
0.13552012399755284,0.001912665965007808,0.5465022205623259,0.1538548975913938,0.03735935243441303,0.12485073944930675,T3
0.003246907735517473,0.6786580547704186,0.1232685357040458,0.12987770352878594,0.06172671030721819,0.0032220879540138287,T2
0.23841545058031072,0.23710126341014243,0.3102020693584301,0.029231383330151697,0.001748921760655183,0.1833009115603097,T3
0.0019314368359978705,0.31724034456593664,0.17398710921842594,0.2899755519539144,0.0019278545091148064,0.21493770291661035,T2
0.44201834137127155,0.027433930938710376,0.16771524375586633,0.3598284743778379,0.0015030248670973366,0.0015009846892165566,T1
0.4287696743653519,0.002849415968407501,0.0028536454382537143,0.42834854171572595,0.0028451846988906426,0.13433353781337043,T1
0.4616585046506153,0.4022592552152725,0.0016884849351017496,0.0016859214870655205,0.0016842439949195194,0.13102358971702552,T1
0.002020358143945862,0.002028208253479962,0.5904198720379026,0.40149058024117085,0.002024164646328461,0.0020168166771723102,T3
0.28368008677015377,0.183577174664503,0.5270188432508243,0.001904475524956802,0.0019055996856487405,0.0019138201039134487,T3
0.0020815454167566307,0.3454142293878408,0.1382387897568537,0.239406886731382,0.27278635637504633,0.002072192332120671,T2
0.416548929522739,0.40649320171750775,0.002413420903850173,0.0023982720042169114,0.0023923807008784637,0.16975379515080757,T1
0.14780904962308397,0.001589489183852156,0.13722943683362712,0.7102011747359023,0.0015828754361015102,0.0015879741874329427,T4
0.0026669253325506915,0.00267588498462293,0.6981087726172308,0.18198251330047224,0.002658343466908263,0.11190756029821512,T3
0.10523867068967663,0.025514734014896866,0.0023306074950189804,0.8622604292024043,0.0023301539307835533,0.0023254046672195583,T4
0.0023702363913048257,0.0023774642125334866,0.39944611585915496,0.38963218483810846,0.002382112825011259,0.20379188587388705,T3
0.299596977208807,0.2379128281407696,0.3402421567856037,0.12056777059729704,0.0008388276609674379,0.0008414396065552054,T3
0.00335715339452998,0.5506521565291572,0.0033728030698694906,0.43591031199970515,0.003352548634517256,0.0033550263722210245,T2
0.0015247550366795479,0.3413765017176461,0.4036742581290797,0.0015252500868894205,0.0015244909598809233,0.25037474406982424,T3
0.0027529126260926783,0.002757919095191999,0.30091716987434836,0.3788850230196105,0.3119357109615057,0.002751264423250863,T4
0.0018857310258474991,0.37733953106344187,0.001889650765952869,0.0018946069142622014,0.13359648116321665,0.4833939990672789,T6
0.47713957840977933,0.002249728594928951,0.2009242682915429,0.19707500029439692,0.0022417343877000214,0.12036969002165201,T1
0.002129333953149418,0.0021327865756442005,0.0021293871301156383,0.4222333680313977,0.0021292349446954805,0.5692458893649975,T6
0.3442459878450016,0.0013236695781092681,0.20132593016017847,0.36554986432046516,0.08622679728892398,0.0013277508073216034,T4
0.04566498741845558,0.12752283434978165,0.5205308010610802,0.0901299280296472,0.2148757023661123,0.0012757467749230915,T3
0.06320044862430985,0.0026259399990058146,0.32820828238241,0.0026268874659730514,0.6006900121036463,0.0026484294246549678,T5
0.0014241196207299988,0.35013269714587414,0.1202618594478632,0.13517054705184772,0.27100262332758257,0.1220081534061024,T2
0.0044111577221685,0.33029411174112205,0.004422091809731879,0.5252831570951743,0.13117438204549717,0.004415099586306167,T4
0.04890231083033739,0.5732423140053441,0.003229428397393612,0.11598282459712149,0.2082017522827616,0.050441369887041884,T2
0.004803206959633612,0.0048339425054939435,0.30059087789189326,0.34977867429215576,0.0047923494773796935,0.33520094887344376,T4
0.0016309839567106054,0.3982420939728828,0.4191053884113031,0.17775016125951754,0.0016338013855773255,0.0016375710140085107,T3
0.003825040880057566,0.5111352391178247,0.0038484750080505065,0.47355259437984953,0.003820581962531087,0.003818068651686741,T2
0.0025157536117740398,0.7625902932227852,0.0025089599353369436,0.0025064919700205895,0.002506708556097223,0.22737179270398614,T2
0.003427437601159129,0.003419374710434598,0.14322661383462598,0.808344459306129,0.038159262283054406,0.0034228522645968974,T4
0.0023279633294669066,0.45906235990310645,0.07926993383113923,0.1438762442869341,0.1871581688800834,0.1283053297692699,T2
0.083833169552855,0.13636504293274326,0.0019279613739439415,0.28386588900915743,0.0019418502187337563,0.49206608691256665,T6
0.4020188216123039,0.253893313715601,0.07736712016564014,0.2030365330576264,0.001130855790683951,0.06255335565814468,T1
0.0017152784578154789,0.001711222914837661,0.001716814366178053,0.4222555304157476,0.46170204132601916,0.11089911251940197,T5
0.0032363759681066956,0.0032255302726096093,0.31591234923775,0.4409418147235515,0.23346913594154287,0.0032147938564393787,T4
0.0031048471076430637,0.003120142613048611,0.23027759806702092,0.38084189996663503,0.21469232463823285,0.1679631876074196,T4
0.255996211098545,0.4321118251515576,0.0026236627136989664,0.0026280841747490895,0.0026274597996294043,0.3040127570618199,T2
0.07239316139424176,0.7466644457058114,0.0011482123531729226,0.0011552644047502904,0.0011507392392460722,0.1774881769027774,T2
0.3381686455552935,0.09173981327073491,0.3154445070163548,0.21948387815498044,0.03293472894111251,0.0022284270615239464,T1
0.0012904423180512183,0.5750882445669082,0.0013030104154326523,0.41972893477827655,0.001297266433646392,0.001292101487685114,T2
0.0011825324236000951,0.25462987091790296,0.3872542432389625,0.35456450210836765,0.0011837860445260257,0.0011850652666405,T3
0.1079742079276189,0.0018370114532384107,0.49259563719548854,0.2751343338011241,0.12062541371027719,0.0018333959122528738,T3
0.0020455942491696163,0.24496337431095686,0.4031423634052821,0.002058025069593562,0.0020635981598777263,0.3457270448051202,T3
0.003489483907218124,0.10109122883705562,0.5134915924874439,0.326513110681171,0.0034951277354681536,0.05191945635164316,T3
0.004222986435472036,0.06998584417148644,0.2896076888455971,0.6277716958706193,0.004216248137776881,0.0041955365390480785,T4
0.002860130017038501,0.2880033822698447,0.002857441386065817,0.5443268518792342,0.1590918323426165,0.002860362105200126,T4
0.0016736793577453426,0.0016827846492694642,0.9155287241995949,0.0016792974754091196,0.07775538553741039,0.00168012878057091,T3
0.0030494612090773534,0.003060045774103882,0.0030634761615567683,0.9846692288741751,0.00309737822831289,0.00306040975277403,T4
0.001504673220153986,0.0014973773511133348,0.31858232998000763,0.4914720840991251,0.0014957786948117603,0.18544775665478816,T4
0.0011270907898270307,0.0011292893256206705,0.4172047048374064,0.5782755299342487,0.0011351943664802367,0.0011281907464169025,T4
0.0017090139287935793,0.001710730769255062,0.5067711200676486,0.42721309325988743,0.060881285073671305,0.0017147569007441462,T3
0.43913115607609327,0.2805878798292338,0.21132790257968967,0.0024112261366498943,0.0024014647606164534,0.06414037061771692,T1
0.0010625802745622406,0.3383042015576119,0.11442822056407895,0.10734782583108747,0.2402622794212236,0.19859489235143585,T2
0.0012862931476697356,0.12864311627556516,0.0012842398734745984,0.7147618933231443,0.13075412956016258,0.023270327819983474,T4
0.002440105829679722,0.002437135509145067,0.30057342059158104,0.5102014877711452,0.002427525889814611,0.1819203244086343,T4
0.044697341054684286,0.6707368533781073,0.2790030268660542,0.0018551153678449917,0.0018621705521199437,0.00184549278118934,T2
0.3366736758981582,0.003435922228768325,0.2522546076237208,0.2230696964310662,0.18110913975805343,0.003456958060232961,T1
0.06794571200146797,0.6802578724637455,0.0016652143491412566,0.0016654279907279378,0.017220196448310975,0.23124557674660634,T2
0.22775501590969346,0.6765770383571074,0.0021340275449178896,0.0021400205232705435,0.08926515247196402,0.002128745193046739,T2
0.0017697786150626313,0.001776180346846324,0.9911580903495919,0.001764999844495395,0.0017662283297878044,0.0017647225142157824,T3
0.34665469497914714,0.0013607764470118344,0.0013569964941329055,0.6479064048275263,0.0013609642178494096,0.0013601630343324325,T4
0.0011135609518959668,0.11151148857314686,0.284887146456886,0.469283468703983,0.1320827893396339,0.0011215459744542515,T4
0.0012085127299572768,0.0012074455226325108,0.4603462243129501,0.5348269509266674,0.0012062074872728834,0.0012046590205199836,T4
0.002592175123303184,0.3608304907899803,0.002584214627499705,0.6288426712774199,0.0025717385328985513,0.0025787096488983016,T4
0.2075504143979767,0.0017590386126558034,0.0017550704233449542,0.46205255460368905,0.12629531862009477,0.20058760334223869,T4
0.001718249602839969,0.17760799425159,0.720162272668165,0.09708716445802672,0.0017113920594081888,0.001712926959970049,T3
0.0015769773502423213,0.0015706361548291042,0.3823748011151628,0.26159014060600877,0.351312664598426,0.0015747801753309974,T3
0.0018909370436210838,0.6017669758356805,0.0018825481815615648,0.1357406238598039,0.001890785906850463,0.25682812917248254,T2
0.028895712002986747,0.9411227899043492,0.0017120423346473734,0.0017120416925462767,0.024839380745180564,0.0017180333202897807,T2
0.44370041444789826,0.0012488207995007218,0.0012448398076155588,0.38500376394261177,0.0012440438558843825,0.1675581171464892,T1
0.0012650554430038003,0.00126570314822749,0.0012704310287813356,0.0012666944091417607,0.0012624528992281152,0.9936696630716175,T6
0.0011839201393097183,0.17627024485459014,0.1285718550743823,0.223388281327628,0.3475052796338759,0.12308041897021388,T5
0.0014188027521682845,0.035270358728640594,0.45587804664627274,0.45239237565306745,0.053620844601648086,0.001419571618202955,T3
0.1742925662053431,0.0020558690693959197,0.2375566610651688,0.465778213871656,0.002040909646520548,0.11827578014191575,T4
0.0016517339031342452,0.8641897506906941,0.0016491394064062283,0.0016417601422918184,0.02761367207531783,0.10325394378215573,T2
0.0009680491300585989,0.0009716771112670013,0.35550962757541127,0.6406107927470561,0.0009709547006432684,0.00096889873556383,T4
0.21597640753522807,0.30213295546761376,0.22996726829292263,0.0015915475104640725,0.0015807090173373408,0.2487511121764341,T2
0.0027527153630677475,0.0027546277792048486,0.6720924151934534,0.31690487389599825,0.0027493799322172397,0.002745987836058493,T3
0.001504468944419847,0.5767950840093135,0.0015017445643336342,0.13734183682655146,0.21813676471658464,0.06472010093879695,T2
0.04613971823803813,0.2043718348093958,0.001848043505815123,0.0018500915493300624,0.0018410290425437694,0.743949282854877,T6
0.11534064445390364,0.6496263242329013,0.15440219765564164,0.07706117307256222,0.0017868366491290834,0.0017828239358621,T2
0.0020470088100311866,0.25875483283921946,0.0020554539571227474,0.7330186765666895,0.00206607781397394,0.0020579500129631347,T4
0.002237668436918518,0.0022356044811823557,0.002238594354708448,0.5601672830112062,0.4308812600002468,0.0022395897157376585,T4
0.12038601843191897,0.002080287455980886,0.784116331147388,0.08927386524891762,0.0020704534845267623,0.0020730442312679046,T3
0.002365408514113815,0.002374431503327342,0.0023686703303611874,0.4578324034138325,0.2029826630353403,0.3320764232030248,T4
0.002118479823309455,0.2910099876117303,0.002104709105959918,0.13678363583077277,0.2090901010313461,0.3588930865968813,T6
0.00218234784928537,0.5251924159197415,0.466099542871691,0.0021777866776028125,0.002170233025779499,0.0021776736558997115,T2
0.001909739207196412,0.47165003529175986,0.42515828026437985,0.09746611641502052,0.0019102442089315788,0.0019055846127116224,T2
0.001730615073679978,0.42750613795584647,0.0017442924152110408,0.48016616649183536,0.0017392871611475273,0.08711350090227962,T4
0.0013826502223420385,0.7209216753458781,0.0013778806760612957,0.0013745696995537183,0.1416085750973369,0.13333464895882782,T2
0.0019534012059130622,0.6137795070072516,0.0019626185729212597,0.001958713802468191,0.0019528529551847242,0.3783929064562611,T2
0.0014740939283315977,0.2584614447376712,0.0014782870292097139,0.6613138980744986,0.07579576614961098,0.001476510080677962,T4
0.0012708460711839005,0.0012774018592630173,0.11519370005046249,0.8797109874243554,0.001274123155116426,0.0012729414396188388,T4
0.001960155452679683,0.0019582821492205352,0.3086299819293787,0.49836664702252087,0.1871225273560598,0.0019624060901402437,T4
0.002128938578528341,0.0021386347311278643,0.4372222106750972,0.5542603954587526,0.0021269658612419634,0.0021228546952518235,T4
0.002156178209978314,0.0021476166909153247,0.0021513032163157884,0.9892345558650117,0.00215579766596634,0.0021545483518125657,T4
0.09544779234405262,0.33733332182966075,0.10509801779755137,0.0023792725524454227,0.03715067077252991,0.42259092470376,T6
0.0018707691899358548,0.2360664660751082,0.4328500625608964,0.10926898361464785,0.21807939484674704,0.001864323712664703,T3
0.0032998937097659165,0.5251619859060698,0.4014936591978007,0.003305535575827443,0.0634517885032359,0.0032871371073001244,T2
0.0015117058318961734,0.26026429515924027,0.6625267222180559,0.0015130153057549738,0.0015199081315020008,0.07266435335355075,T3
0.08063931231906286,0.2737184264479954,0.6388301848637727,0.002267236704522845,0.002264883880105663,0.0022799557845405143,T3
0.13660257687552282,0.002055283858768705,0.48528692097523607,0.002052476328333146,0.002049684028764536,0.3719530579333747,T3
0.09333529716419472,0.9021365256568082,0.001132196134248356,0.0011311498638303232,0.0011291485596592794,0.0011356826212591828,T2
0.0012552065183961932,0.3502311659174921,0.0012594373490613434,0.3004969807537777,0.03570528916746721,0.3110519202938054,T2
0.6053842359157032,0.0021809462824777482,0.0021868403819786243,0.24655895034425587,0.0021795097743411104,0.1415095173012433,T1
0.04882082653227266,0.0015716451371798152,0.11893138283369277,0.00157437606238125,0.0015737587279310904,0.8275280107065425,T6
0.05048136968585425,0.0015065997344794072,0.17457478242783384,0.34542418322962654,0.17203350243263318,0.2559795624895728,T4
0.0019832205701694684,0.0019842550632837986,0.18943472092196176,0.38439740276796186,0.001976674365840083,0.420223726310783,T6
0.39009402842211605,0.3128928851879426,0.0011501029349948813,0.0011525339881778903,0.0011519454838509113,0.2935585039829176,T1
0.10116135678285886,0.0017205191158488947,0.1626625258158667,0.001718444924352052,0.08649269898455905,0.6462444543765145,T6
0.0014479825249556076,0.8239047230115472,0.0014428734586712263,0.026260194934857702,0.0014305409526293937,0.14551368511733895,T2
0.001478136726625542,0.17671118182055412,0.05997352433793645,0.5684277263215124,0.19192997993475616,0.0014794508586154862,T4
0.049788441717560215,0.0013465833536913446,0.0876992602054068,0.13643556358866693,0.039358634899386374,0.6853715162352884,T6
0.11785794679064246,0.7750692021865384,0.08538479962923992,0.018996064857155964,0.0013446793925260684,0.0013473071438970734,T2
0.09746110527985175,0.0009671364392264409,0.000969874206948447,0.30460632047758196,0.5950270965555595,0.0009684670408318053,T5
0.5531807082273049,0.0019074847792031125,0.0019136667177248956,0.43916499207318993,0.0019165068751058449,0.0019166413274712504,T1
0.0011204883064878997,0.0011228113612021637,0.06203933545816938,0.0011181556794823409,0.6447124874796397,0.2898867217150185,T5
0.13095502199728276,0.7039451921784018,0.029637568246227333,0.001348164342286855,0.0013377018355529519,0.13277635140024824,T2
0.0013441818963294543,0.0013512067425666685,0.00134370743766398,0.0013385193445296186,0.0013400323170081668,0.9932823522619021,T6
0.19186185099530767,0.0008424980744518328,0.11031662785662633,0.2888570254884356,0.0008391743573400758,0.40728282322783854,T6
0.12546033807361473,0.11946480412094236,0.05939963682237443,0.15709699140157407,0.0016837438638013101,0.5368944857176932,T6
0.3262163617892137,0.001201050048408016,0.001201647508943877,0.0011980395762168736,0.19043104908736086,0.4797518519898568,T6
0.002995933090297751,0.003008224781595974,0.0030285954432779437,0.9849512541746852,0.002996208193061681,0.003019784317081443,T4
0.16685781680967143,0.0017178629998006948,0.34703314090709697,0.0017206660565948625,0.3776921944344702,0.10497831879236577,T5
0.003905867446987082,0.15789801137028253,0.003919857557571194,0.5141105580776891,0.20464402908834142,0.11552167645912867,T4
0.14778882280194902,0.30806325198492,0.0013660227222694456,0.001363798103836399,0.0013676379365982884,0.5400504664504269,T6
0.0014965109270039711,0.0015060854111423004,0.0014992986065408384,0.0014991420272930276,0.001495048887143941,0.992503914140876,T6
0.0012398876603355866,0.00123884824468103,0.09934220996586228,0.5801172961856568,0.16295220111158965,0.15510955683187475,T4
0.30704310526999634,0.20470172888143157,0.002272020848350032,0.00228044165026358,0.35000812432663775,0.13369457902332066,T5
0.0009966429019794528,0.315943377309222,0.3729737354529173,0.0009948737713363245,0.2478216756821106,0.061269694882434306,T3
0.0014030551442704511,0.29035785277442455,0.5314520613180271,0.17397495024725476,0.0014075724630125436,0.001404508053010365,T3
0.0011311563516230722,0.686850014362176,0.13074126861307192,0.17899324552127976,0.0011414505530173296,0.0011428645988320644,T2
0.0012996389853923494,0.6027899503661083,0.15235813720171404,0.17545717497681915,0.06679535823285795,0.001299740237108069,T2
0.0013822726174706553,0.5346436291216005,0.0013801291979993115,0.001381624119793123,0.08104074776300564,0.3801715971801309,T2
0.0032941501217062068,0.0033091458680754035,0.003322365479748962,0.6604761209873249,0.326300345780433,0.0032978717627115428,T4
0.002944480012746898,0.2536908790784713,0.14902617733394993,0.2768608171126672,0.3145373215842517,0.002940324877913015,T5
0.0027602490831936267,0.002763270396610109,0.12660222507324756,0.7345130471460282,0.13059795301005062,0.002763255290869799,T4
0.293206272597074,0.21030947632776784,0.0022422410728837857,0.33754599484206904,0.059678278624560335,0.09701773653564501,T4
0.19286184339843712,0.23332103752301647,0.5051581573383767,0.0013397553641770017,0.06598454000363192,0.0013346663723608214,T3
0.040940609563264375,0.24691557747104764,0.35188758228190964,0.20102356444146038,0.15684935543505812,0.002383310807259847,T3
0.2432431119476794,0.21915056530855215,0.0014712348019752849,0.16116611331769223,0.0014807829476669709,0.373488191676434,T6
0.0016243157271808109,0.42939391425737566,0.001619023182513645,0.3296651964410863,0.23607687490564622,0.00162067548619748,T2
0.7777273438621776,0.001874295367855259,0.21478122805412433,0.001883341977614034,0.0018671791616250728,0.0018666115766037806,T1
0.0015436278012923657,0.11461524589078607,0.4653225710110063,0.24397757135697948,0.17298760184903392,0.001553382090901891,T3
0.002303845511444738,0.47017911079153435,0.1900335929445185,0.1243320381867938,0.0022947051403404456,0.2108567074253682,T2
0.003428231080792073,0.0034386023133007593,0.0034312370876951907,0.6691471608064324,0.003444860318030076,0.31710990839374964,T4
0.09317926779157025,0.46966857053063543,0.002328368580130865,0.0023345322559519843,0.002336803462802336,0.43015245737890906,T2
0.0019308072282727732,0.03526656054450575,0.20457542090383915,0.6114927012873409,0.001938613514112755,0.14479589652192876,T4
0.0016723658768013365,0.4529423620182731,0.5403945031441336,0.0016692446565261666,0.0016569210262345768,0.0016646032780312625,T3
0.3203468836757141,0.28263471866704715,0.0012566164892526435,0.0012508643417763767,0.0012580490295179224,0.3932528677966918,T6
0.0016060889300786312,0.35560047734336103,0.46710942683341933,0.0016001765929327442,0.03778305223469318,0.13630077806551488,T3
0.0017395662243919535,0.6205195061139746,0.1574802565888033,0.1224274575760482,0.0017315798862350825,0.09610163361054698,T2
0.29176244745155727,0.08406096595921465,0.04643797162040838,0.21734891849265092,0.3590993145014097,0.0012903819747590167,T5
0.0017527928748820789,0.2780519604627065,0.17762226817889382,0.5390686638415881,0.0017497577114980668,0.0017545569304315157,T4
0.0020576931480068856,0.0020278232504394233,0.07155204968917636,0.3412578416058704,0.5169838018743836,0.06612079043212324,T5
0.05103583552787507,0.0017779960309218946,0.47252727371427095,0.40652979976935555,0.06636080295197758,0.0017682920055990064,T3
0.0015743495291570932,0.0015717939102856877,0.7990906297826017,0.19461673116072917,0.0015660800631752687,0.0015804155540511276,T3
0.0826031412438055,0.6247973237874407,0.2841885263675975,0.0028130162246978174,0.0027942502118873157,0.0028037421645711828,T2
0.0021711184364143223,0.002196175341819117,0.9890663369957109,0.002217369121714622,0.0021750013433399534,0.002173998761000992,T3
0.29031448380388514,0.45921921579215813,0.24627473602168418,0.0013993394793685463,0.001396303506568436,0.001395921396335686,T2
0.10856339713778061,0.0020052177374778753,0.23216472589232576,0.1842464594409937,0.4710215325365613,0.001998667254860712,T5
0.19317411044073757,0.3240541138404104,0.14387696560752447,0.0012672532649831735,0.3363614886108145,0.0012660682355298358,T5
0.002101616000175481,0.002110631501727871,0.19818175620681813,0.002108778115803438,0.07342148420821187,0.7220757339672632,T6
0.0027092997767383725,0.0027102616970496327,0.46952296623194767,0.26382885852708043,0.25852541162899306,0.0027032021381909665,T3
0.002281430372368952,0.7626430200711756,0.0022818640902081628,0.228252311942112,0.0022744817284366422,0.002266891795698502,T2
0.0015556737475716628,0.00155932829021274,0.9772025543970135,0.001551691179805832,0.0015491647184481079,0.016581587666948214,T3
0.09513207979578552,0.3965113801889205,0.09934509021928631,0.03760192481469798,0.2924289424917387,0.07898058248957095,T2
0.001841951726847953,0.14789754020935564,0.684166558288218,0.16239505863553177,0.0018451235022790796,0.0018537676377674618,T3
0.00143465669895366,0.9928708874292042,0.0014260064562701227,0.0014271925266376,0.0014192020904687972,0.001422054798465573,T2
0.002155408536570358,0.002157941998587523,0.322559806136186,0.2878305695454794,0.19575767476844227,0.18953859901473435,T3
0.003101891376492055,0.706451020392743,0.0031192253555015655,0.28110769987856926,0.003114584760308134,0.0031055782363860348,T2
0.14076959161096925,0.5549635704198844,0.29401176728434536,0.0034136595889680873,0.003423488779862677,0.003417922315970349,T2
0.23202718180649592,0.2803797005714427,0.0018707535801673982,0.36355841519970444,0.12029150820473063,0.001872440637458946,T4
0.30877530292117633,0.0012267830423354287,0.2389127174246537,0.441490793532409,0.0012285461299791202,0.008365856949446306,T4
0.06788875800267236,0.806610524060958,0.11324141518627381,0.004089616601012683,0.0040829404109674885,0.004086745738115576,T2
0.06984728026090169,0.001964009318392867,0.11254103421855817,0.4959895731148894,0.20377839876673187,0.11587970432052601,T4
0.001753181580974543,0.0017566030265262207,0.001752883611719575,0.3062747560252129,0.6867075400880336,0.0017550356675332616,T5
0.002103135020766155,0.9894904084059069,0.0020980507247327492,0.002096213689405858,0.0020963804980518638,0.002115811661136175,T2
0.5141327020725673,0.0014875069355788021,0.2568332833657689,0.0014905053574657081,0.001495652888824822,0.22456034937979458,T1
0.002569536031929283,0.2673573742017075,0.38258320859489253,0.1641711231702821,0.0025546501604273163,0.1807641078407611,T3
0.0014084847092521102,0.0014145281442561606,0.20541386682016724,0.0014170678086824556,0.0014135566029585712,0.7889324959146835,T6
0.0025824745633605864,0.8546798974285835,0.002582624011311528,0.0025918633950054192,0.1349728333514058,0.0025903072503334294,T2
0.0013885152839334493,0.14333385564071097,0.0013906881772175654,0.7799631868501639,0.07252292887313455,0.0014008251748396118,T4
0.0022308090722343507,0.0022119261809187252,0.1910453483832999,0.7350558673500758,0.06723133926823997,0.0022247097452312656,T4
0.001223221435758218,0.0012266165096164105,0.38456593798783706,0.6105199394022611,0.0012261078552153334,0.0012381768093118102,T4
0.003649985151725321,0.562121649095204,0.003680946671925382,0.17612890422081431,0.003647113695209595,0.25077140116512137,T2
0.0045439891946923916,0.4943340890370107,0.19055055928413384,0.08643028906511463,0.004544467043114043,0.21959660637593448,T2
0.0011609989551488898,0.7985761813005972,0.1967813935002418,0.001163082383405358,0.0011591267493344995,0.0011592171112722606,T2
0.0027545322697704673,0.0387563789609079,0.23765677565740845,0.40197145529086187,0.31611628496016453,0.0027445728608867666,T4
0.4547226023287335,0.0010400604952380498,0.1614213550676436,0.2484254204006446,0.13334908995069006,0.0010414717570500938,T1
0.0020626364297750004,0.0020590175123034985,0.3136597731807218,0.24205272392132607,0.24719663788398089,0.19296921107189274,T3
0.052842340275781004,0.8797046552472184,0.002725660351961195,0.0027176150758892684,0.002709129668387145,0.059300599380762965,T2
0.0014075815198474218,0.3881424302735954,0.0013982528714895233,0.1494202082208142,0.41360060587680636,0.046030921237446974,T5
0.13485178273759116,0.19263417352119055,0.000892040688428904,0.03901814669202586,0.0008958033435608388,0.6317080530172027,T6
0.053784256779725224,0.5097726543161222,0.0014015135490088057,0.0013988427885341915,0.20128687950235544,0.23235585306425421,T2
0.24301100751413426,0.001977344087706134,0.001978494124531316,0.4295491219173661,0.0019842705253875852,0.3214997618308747,T4
0.0019765761976876218,0.0019822391756716753,0.1875076762139857,0.40754606000916155,0.1965286813341071,0.20445876706938626,T4
0.2825231214456652,0.017295483555811064,0.37425850513374964,0.3049821237531958,0.0012417782231837731,0.01969898788839459,T3
0.3482821000014743,0.0025976463680412996,0.002593495578301817,0.41346478729710423,0.002597499126881716,0.23046447162819655,T4
0.5160154794635201,0.12816016321549123,0.0013587162669268292,0.0013542140494302818,0.3517440382370559,0.0013673887675755292,T1
0.0022741263012409987,0.5201973706103159,0.00227252844411093,0.2712941773290512,0.20169079478585236,0.0022710025294286488,T2
0.0013112334306352917,0.1714525928732373,0.3467595197675845,0.3043210304948894,0.1748430808875974,0.0013125425460561752,T3
0.1258475517127457,0.004107117166738312,0.4530134627457846,0.40879852650892745,0.004100659550064746,0.0041326823157393465,T3
0.22001849918281488,0.003910327671306879,0.08478618614075896,0.6834878690195924,0.003906318738006846,0.0038907992475199684,T4
0.0021246383311738434,0.002130474802918406,0.381089949516955,0.4617023645554851,0.15083342393516813,0.0021191488582995685,T4
0.001207986376879142,0.9939649266887903,0.0012093415269699283,0.0012079017192509383,0.0012053583031684295,0.0012044853849412002,T2
0.033191559277342915,0.38232969379292103,0.582359475004182,0.0007042469029825409,0.0007069974007518764,0.0007080276218196709,T3
0.001605746687837209,0.3807622049586782,0.6128073033794521,0.0016066329269868362,0.0016087751726282153,0.001609336874417525,T3
0.0016973900421283635,0.0016946067364835321,0.47603358492668707,0.1705728385050478,0.0017030221421413382,0.34829855764751183,T3
0.0014502568109106342,0.3328482821792838,0.001452564730847791,0.0014467458992892725,0.3269804836471742,0.3358216667324942,T6
0.001388093907723625,0.35778374063461854,0.25200101303596406,0.001394911935821054,0.3860469688538795,0.0013852716319931102,T5
0.4396852918634456,0.07296485739044839,0.0015032001774620161,0.07538316591859792,0.0015134927969719248,0.40894999185307407,T1
0.25172530372334034,0.6119470515365436,0.001771447557929172,0.001763884473665381,0.0017707494001533845,0.13102156330836817,T2
0.001436036983859767,0.7028907167962304,0.29136395984239316,0.0014340672554878306,0.0014365704732317898,0.001438648648797091,T2
0.0011990963433877887,0.0012024219010424604,0.5599234502927994,0.4352707116935783,0.0012028173854387472,0.0012015023837533888,T3
0.0014272678552678126,0.4735295465890688,0.23324139611431988,0.2889292141579603,0.00142723805636197,0.0014453372270213595,T2
0.002660877823243766,0.28241882468165597,0.2278151192647864,0.4817620542237913,0.0026877251655023585,0.0026553988410202463,T4
0.22344194834849018,0.4280772413646683,0.0011747688495144563,0.0011801162986974996,0.3449480581377876,0.001177867000841869,T2
0.0699824695692916,0.07668458726832598,0.0019322277322532503,0.3647852610746501,0.0019322279900740368,0.484683226365405,T6
0.0018110951963524675,0.9002409673118853,0.001806399808074974,0.09253733920159068,0.0017970347135033656,0.0018071637685931892,T2
0.2808173434368519,0.18122035862232205,0.001851088858161421,0.2448405589070497,0.0018407603848356786,0.2894298897907794,T6
0.27724736637526404,0.4169241582172692,0.16937241136476391,0.0012838035920995062,0.03210901026751449,0.10306325018308896,T2
0.0017000295212966986,0.9914841282122326,0.00170240253895918,0.0017098852870018404,0.001696807073952003,0.0017067473665575968,T2
0.001235805276998157,0.0012393549761767428,0.36217972060356257,0.6209211363382056,0.013186020948612027,0.0012379618564450174,T4
0.11201417680651733,0.29035122764961757,0.08080853583983609,0.32204434487723704,0.0010950094510617902,0.19368670537573027,T4
0.0028180645230477456,0.6448706630404393,0.18494180473858154,0.002800752860883094,0.0027885331645791226,0.16178018167246921,T2
0.14147320712988526,0.4296279229661574,0.17550769214569867,0.0017107426002522725,0.0017238312443694345,0.24995660391363683,T2
0.1099950006705768,0.18470855419905527,0.2154451884105657,0.21445513329360652,0.0012812420291734652,0.27411488139702217,T6
0.16627634962083362,0.1344567338087218,0.48980260905152057,0.0015057715481021643,0.001501185544883294,0.2064573504259385,T3
0.002990266140787039,0.003005278745058975,0.9850226468731439,0.0029943744713212994,0.002983083648478235,0.0030043501212105657,T3
0.027183192613015505,0.0017211648710616177,0.7237190113095708,0.23464679833235375,0.01101208133688966,0.0017177515371085647,T3
0.0018565906360890015,0.0018500688991871944,0.4432034079570656,0.5237019404917465,0.027533931693076715,0.001854060322834882,T4
0.08412426403635867,0.0012371356841050355,0.0012376300183271928,0.0012389257571929762,0.0012342176478030808,0.910927826856213,T6
0.001358197383768793,0.45072574898814155,0.0013549846395124185,0.0013505496250331248,0.0013565131670859182,0.5438540061964583,T6
0.0022741058085223816,0.14306735783445737,0.002271123826700997,0.0022620815068527434,0.0022595491789225287,0.847865781844544,T6
0.0011255840329404106,0.0011275795472863847,0.0011242126329253168,0.0011188498462411233,0.9943812363711062,0.0011225375695006214,T5
0.9328477932139787,0.002503891493469287,0.0025069141715378315,0.0025216392478005912,0.0025003233295273087,0.05711943854368632,T1
0.0020434582190332114,0.3999047674853576,0.5919249430695384,0.002049871940846878,0.002039058219693039,0.002037901065530941,T3
0.08665724860127412,0.25147462336129867,0.001394879593028965,0.001383905534608475,0.07236469753841877,0.5867246453713709,T6
0.6710704807383664,0.1611165390067482,0.0026759605681171473,0.0026667317957108057,0.002674993282857286,0.1597952946082002,T1
0.0019813328150877925,0.13481339151802718,0.5970957790017662,0.0019735065260927426,0.03741691349725786,0.22671907664176813,T3
0.0012628879866732482,0.40785858290479066,0.0012679933346721522,0.24471665922065072,0.2006196555460797,0.14427422100713344,T2
0.17189920709290982,0.4449765524933717,0.00192194880100643,0.001910956438791886,0.0019013668919816656,0.37738996828193844,T2
0.09746933475004818,0.3514269529992361,0.5470012142892864,0.0013639139153328174,0.0013717625692263914,0.0013668214768701081,T3
0.0025030482752648464,0.0025078843370946037,0.9874929164150177,0.0024993569398905177,0.0025009290963259817,0.0024958649364063314,T3
0.002399355504857267,0.38960141402769877,0.6008176651006613,0.002390127898924226,0.00239764727914179,0.002393790188716828,T3
0.0014585191920539174,0.4306307546236594,0.0014639709979878126,0.5634960391670143,0.0014753329272835071,0.0014753830920011606,T4
0.0013463715075463312,0.47994845722681373,0.3843660184952687,0.13165075274999763,0.0013391333984270693,0.001349266621946455,T2
0.14270292686289418,0.001572741064996725,0.0015749681143548157,0.0015687385712966524,0.0015667604894682528,0.8510138648969894,T6
0.13175089026529016,0.27909104620069325,0.4209597293885054,0.16462665009463281,0.001786780151620006,0.0017849038992582282,T3
0.002074336645554821,0.9896142793247265,0.002079903881149901,0.002086126700426709,0.0020655369702646726,0.002079816477877436,T2
0.13573294154490625,0.3570618746534126,0.5003839759751212,0.002280106585624131,0.00227737236127585,0.0022637288796602435,T3
0.001312932688491634,0.41125079411646637,0.48706686770912266,0.0013168265340621063,0.09773215073385819,0.0013204282179990437,T3
0.0009806714837405426,0.31593741204088505,0.49021017753868074,0.0009796016523054834,0.19091807400155472,0.0009740632828335685,T3
0.0024026578578164653,0.09795362335044033,0.3489090340404334,0.3722552798109807,0.0024034273338808354,0.1760759776064483,T4
0.002394694524185834,0.33102073269045684,0.0024038002262770234,0.22165952150890367,0.44013148460563495,0.0023897664445417244,T5
0.0016944017381868182,0.0016980753291336414,0.9915283078405264,0.0016919192695363256,0.0016953148951900654,0.0016919809274267142,T3
0.002863156461102339,0.002865175728686909,0.0028686606563568568,0.464727194282043,0.002845748537557128,0.5238300643342538,T6
0.0018437259070885961,0.0018557790102891718,0.9907778589409516,0.0018369362703428169,0.0018431352093658938,0.0018425646619620682,T3
0.22015796600692314,0.003995547371164354,0.0040315849136482425,0.4079681734768065,0.35982335733387955,0.004023370897578237,T4
0.001710525038255718,0.0017117714057484604,0.9914536264740553,0.0017068211640327217,0.0017073574201512088,0.0017098984977567241,T3
0.0021577996994247067,0.29803888647296806,0.49416578596105903,0.15235568282677112,0.051128374417729536,0.0021534706220476606,T3
0.0018276663925995227,0.0018317155865197829,0.8259062991669609,0.0018232623646241128,0.16678625006886993,0.0018248064204257036,T3
0.08492453070239542,0.001832088472904863,0.9077641427276942,0.0018339503302034052,0.0018225401611067574,0.0018227476056952448,T3
0.0025498129718910904,0.35069322465280456,0.639122272848948,0.002545192451438873,0.0025556081910079135,0.0025338888839094116,T3
0.0013279253230427798,0.0013234196817340862,0.001324632078611034,0.0013216013020397356,0.9933782658334664,0.001324155781105968,T5
0.1011192474579302,0.7563994334407138,0.002280663962918696,0.13566131069177642,0.0022749376422611595,0.002264406804399642,T2
0.3017096360668652,0.003121919048720506,0.6858441056769291,0.003105969221120527,0.003102335564733295,0.0031160344216312973,T3
0.0028429525883285865,0.2593039985320495,0.3197011395525939,0.4124801335358347,0.002838576928781211,0.0028331988624120596,T4
0.0022228871977666093,0.31622264819147006,0.6297668512889756,0.0022024689916063833,0.002217997448046679,0.047367146882134635,T3
0.22130074028625282,0.27234556824351663,0.0016953368359323303,0.07493251637528496,0.0016941542850559058,0.42803168397395724,T6
0.0025850857080661413,0.0025900832613931597,0.2739466472756692,0.7157124290994236,0.0025884556318210013,0.002577299023626935,T4
0.20375906079029962,0.0031778446718811887,0.6249127653464779,0.16181749192232,0.0031582645003077176,0.0031745727687136575,T3
0.0017484962231714997,0.2492320058489636,0.5000696603651695,0.24544601004047248,0.0017586918364104888,0.0017451356858122797,T3
0.0019935699924028905,0.0020019874009127355,0.9899946178153826,0.002007224057014709,0.002000167416167592,0.0020024333181194844,T3
0.001850445135620066,0.20783911905240718,0.4045708999141262,0.3820393859198339,0.0018467730441097583,0.0018533769339028937,T3
0.001998351232155605,0.2989137844659285,0.19263838404221295,0.21675768546000648,0.0020084027505541586,0.2876833920491423,T2
0.0023599079787344317,0.8643405078026458,0.0023728566622511953,0.12617270764985497,0.0023882340891864264,0.0023657858173269488,T2
0.002194757933648226,0.0021911380229580647,0.9081942891706463,0.002171498369689722,0.08307586625877295,0.002172450244284814,T3
0.0023679462290020475,0.4301546084302071,0.002379301444526109,0.3195663904697483,0.2431662954904435,0.002365457936073102,T2
0.002935473917458964,0.0029483434089297945,0.8651776028718102,0.12305023596978763,0.002942803540351566,0.002945540291662007,T3
0.0015460057827889869,0.27432796562391637,0.6533566594906711,0.0015372041966969176,0.06768924151915551,0.0015429233867710504,T3
0.0033515067909693965,0.003362205532873463,0.7222945131346353,0.2642573326425404,0.0033738929402227407,0.0033605489587585527,T3
0.005105237466982345,0.3549456395219215,0.22606041195503854,0.14492380808591998,0.005139249708081469,0.26382565326205615,T2
0.002043606316793366,0.002055630785785759,0.9897710684711443,0.0020468521342107636,0.0020412925213038197,0.0020415497707619904,T3
0.27720304600259515,0.28148895091800447,0.0017033596761664726,0.0017050410916619272,0.0017041778525381018,0.4361954244590338,T6
0.0021303743395345567,0.0021332887191604917,0.08758791045945961,0.903886887967712,0.0021363767653498436,0.0021251617487834384,T4
0.002045042861103828,0.5922319199017982,0.36569693161992967,0.0020481565341088975,0.03593215939529505,0.0020457896877643113,T2
0.0017173009196295688,0.22729958810091652,0.7658459971755144,0.001713578886076859,0.0017123307277694846,0.0017112041900932532,T3
0.0022419390649713712,0.5412615964519958,0.4497551586601137,0.00226057183358405,0.002243747304233823,0.0022369866851012473,T2
0.002019873169383085,0.11319486771933414,0.5980200185032121,0.0020154689231137593,0.15807102806452708,0.12667874362042972,T3
0.058982572889066394,0.3122740753885117,0.001752468669599686,0.26433752013862927,0.2620021534580371,0.10065120945615577,T2
0.001436848505628475,0.2391183018277386,0.2984869783807893,0.4580722567738544,0.001443286060296839,0.0014423284516924047,T4
0.0015249134828491293,0.39484743334142747,0.29385660262881486,0.10655986603880017,0.0015327674375985333,0.20167841707050985,T2
0.0014495064283729679,0.02473211251927042,0.16561048704849896,0.27375685509056114,0.3924413485152656,0.14200969039803102,T5
0.003184178501984285,0.003180223311350093,0.5873086632030212,0.36099464735164644,0.04217240283826679,0.0031598847937312526,T3
0.18014121389729978,0.8114464192323976,0.0021070625919842973,0.002095064125393205,0.002114838610106159,0.0020954015428190005,T2
0.0029166381968965573,0.9854652004822552,0.002912820751452539,0.002921634286292106,0.002888106044837405,0.0028956002382662448,T2
0.0028968898582179678,0.8325391852864156,0.00289542673817097,0.002911368869082705,0.002908882661217139,0.15584824658689572,T2
0.001970691097881579,0.30548129103626126,0.0019829485065313525,0.17123421769676467,0.38318851398404785,0.13614233767851336,T5
0.09975709280961008,0.5735287804774517,0.0011947616297537556,0.32312675605079333,0.0011995159595342866,0.0011930930728566423,T2
0.0021497964671506877,0.002157560369627409,0.7195005419619775,0.0021569088162463165,0.27187914216228015,0.0021560502227179297,T3
0.0014097489587824466,0.04728757926301674,0.7722830377784259,0.0014128214947036134,0.1761985970920122,0.0014082154130590555,T3
0.0011224084432607689,0.0011235034405934774,0.67200431081495,0.0011230982700855376,0.27052180583861113,0.05410487319249924,T3
0.0022708089454969325,0.3884896887206176,0.5023373585095401,0.0022654453941450526,0.10235068445460267,0.0022860139755977575,T3
0.002055894350246108,0.6058271754555745,0.002059376976335189,0.22524304089905856,0.0020461775698384995,0.16276833474894709,T2
0.002132750712988324,0.8326688379949474,0.0021405846429169897,0.1588041227704271,0.0021280360079909185,0.0021256678707294936,T2
0.0017089942925942554,0.8201486316706914,0.1562422097397992,0.001706800592877062,0.018478260099479088,0.0017151036045590545,T2
0.002239211783302021,0.16160804278517507,0.3020103192142238,0.1633663236849524,0.07887762462793797,0.29189847790440876,T3
0.1065981956938546,0.0007004039914781395,0.8318095865517581,0.0006952341166247209,0.05949873281894428,0.0006978468273401116,T3
0.0025771776005280595,0.002583626484660958,0.9160992132874025,0.0025914804827418475,0.0025857852971961684,0.07356271684747047,T3
0.0015824466587349977,0.0015830192163696114,0.8270980495954023,0.0015796341540177275,0.1665693562876075,0.0015874940878678782,T3
0.22323925214417775,0.46979818348441477,0.003516077864655838,0.003511628034040379,0.0034983475584400648,0.29643651091427115,T2
0.0010476122045641066,0.7131555439850871,0.001045992737075252,0.13576492162712925,0.001047292805509744,0.1479386366406346,T2
0.001659212843659214,0.29753168950745984,0.695830642980816,0.0016585899256633188,0.0016630730925320531,0.0016567916498695897,T3
0.0014757761584206863,0.557455371898286,0.001479563281734866,0.16280390118897978,0.27531278521751806,0.0014726022550606245,T2
0.001715548673588333,0.9914315748207537,0.0017179839218424682,0.0017155264664752705,0.0017114876507504468,0.0017078784665898069,T2
0.0016845474499898158,0.12302286382688203,0.7021750232785018,0.16975536712414405,0.0016802232115162425,0.0016819751089660663,T3
0.002666484223834749,0.4993714637735095,0.22660165872320892,0.26604154220118664,0.0026554343657464383,0.0026634167125137703,T2
0.08643689820583929,0.24077506769447726,0.5476275760332427,0.000995840785145711,0.000992678519117882,0.12317193876217701,T3
0.00200450787619646,0.2909814181116131,0.565293147336533,0.1377175802315841,0.002001168665609574,0.002002177778463909,T3
0.0017909701831718544,0.5074172332803453,0.35682427750137935,0.0017895143296240744,0.13038197825406067,0.001796026451418652,T2
0.0019051347020428268,0.0019118910174957037,0.8267696032227559,0.001906820304577987,0.12209012705143996,0.04541642370168751,T3
0.5581428203372581,0.0015177672301891528,0.0015230116489589323,0.0015175608789333524,0.31053837659362815,0.12676046331103227,T1
0.003107316159667484,0.372154064254305,0.5553769712259201,0.003112233397483753,0.003099079757807684,0.06315033520481618,T3
0.0015225714745779456,0.9924220438511658,0.001513855420028891,0.0015163078116240782,0.0015110326736849538,0.0015141887689183403,T2
0.0020959501102065397,0.0021105579320065235,0.30418122178617796,0.4072858781228058,0.18059097980512384,0.1037354122436794,T4
0.0020768988250068694,0.0020771572021625073,0.1588725283836243,0.19175392477053904,0.5694120890911015,0.07580740172756564,T5
0.002022585895059289,0.7727078979674447,0.2191674319361503,0.0020343408113460684,0.002027611147672376,0.0020401322423271883,T2
0.0018094213990156,0.001807083095428483,0.3119751802943676,0.6807762194157095,0.0018179790512188258,0.001814116744259849,T4
0.0014707006528768252,0.001472831170769393,0.001479731394282645,0.0014800006730639511,0.9926286709170608,0.0014680651919464851,T5
0.1960113829644924,0.40568721391142165,0.002630548073444078,0.0026259723709915086,0.21970449598252303,0.17334038669712737,T2
0.29565493276699994,0.001688125470496583,0.6976214026766216,0.0016787430304990533,0.0016799405197782445,0.0016768555356046861,T3
0.00301375090148731,0.5351958090459495,0.3335060619053545,0.0029945725523571253,0.0030134019791316683,0.1222764036157197,T2
0.0015482161861942684,0.052723326617372536,0.7116901707840352,0.09364700546655738,0.05131063360940526,0.08908064733643552,T3
0.002335612989873764,0.11799687482792678,0.46950988529364845,0.28568509914309753,0.1221355616809486,0.002336966064505024,T3
0.0007614402279581521,0.29771168891065747,0.6575807785693022,0.0007620897003340029,0.04242102314023043,0.000762979451517807,T3
0.12280539514307014,0.34533604102235654,0.41148903120517943,0.0015696949873732569,0.11722802633918912,0.0015718113028315877,T3
0.16766710722576955,0.8264424119165438,0.0014760354854869105,0.0014713768864649016,0.0014721564133783468,0.001470912072356502,T2
0.0031701863082983684,0.4897260678266017,0.0031885366359599675,0.3576731008969746,0.0031847979956231955,0.14305731033654212,T2
0.0019212663653314216,0.27005981645567634,0.43512800074529573,0.0019149004344040843,0.2121574014782797,0.07881861452101267,T3
0.0016408775266972167,0.5044162489356538,0.48905532911411204,0.0016291316120568907,0.0016297307029821608,0.0016286821084980079,T2
0.0018320509578604422,0.33790163711444904,0.33906575212576,0.0018355659345401498,0.145154672084063,0.17421032178332727,T3
0.0020747482832679047,0.3785881782221328,0.27867032565006755,0.21389116213702125,0.0020776610283642946,0.12469792467914635,T2
0.0026210437123302573,0.1826934519152464,0.7700563561955142,0.002619658938767842,0.039387143449129795,0.002622345789011515,T3
0.0010560390132434581,0.5747000799355765,0.3528110352157866,0.001062828494862913,0.0693143986077694,0.0010556187327611483,T2
0.002628971345194465,0.0026232311985799994,0.986854896530298,0.0026396851969212754,0.0026311527979210776,0.0026220629310851696,T3
0.0016042296070989787,0.0016046602304186073,0.001608132569329037,0.001599907317413035,0.9919761804158235,0.001606889859916867,T5
0.0018251278142501356,0.3498811853918956,0.6427877555215432,0.0018328911896335527,0.0018342798010702326,0.0018387602816071912,T3
0.00323254742545885,0.4138975480200648,0.0032360759047113637,0.24287077229757803,0.33354454013286144,0.0032185162193255385,T2
0.002077683478818485,0.0020856886440437533,0.0020745148359063853,0.0020793798309460027,0.4856506020694127,0.5060321311408726,T6
0.0011794358812754965,0.045682981773781814,0.37767238797820796,0.38503283846448727,0.18925916021400352,0.0011731956882441396,T4
0.003815718065943223,0.0038265717227347284,0.46706916323170133,0.4080921575246551,0.11338983937260431,0.0038065500823612473,T3
0.001903743772900202,0.9905378324741211,0.0018991364853215963,0.0018896950147904807,0.0018919955172525041,0.001877596735614212,T2
0.07919474310751067,0.323186342935057,0.5944272505114577,0.0010606976746261496,0.0010696576990529096,0.0010613080722955547,T3
0.00452299741459982,0.0045413162503835335,0.004529996124467613,0.4246188090396645,0.004528168777013929,0.5572587123938706,T6
0.0029435746678406934,0.0029536612893154516,0.8081788891982946,0.0029551631068984847,0.18002145397115973,0.002947257766491042,T3
0.0015088422105124133,0.2157751964857655,0.5404006195470826,0.0014965589580319067,0.21026036147688731,0.03055842132172017,T3
0.001931988328652905,0.23889364980901848,0.6842149931060576,0.0019315866829078539,0.07109561262219928,0.0019321694511636653,T3
0.0017350557424262996,0.0017360884912571543,0.9913292895179894,0.0017377483696451152,0.001732629736022894,0.0017291881426591215,T3
0.001793413347989851,0.9910611473911048,0.0017879549844630428,0.0017951791051573009,0.0017826932939397104,0.0017796118773451969,T2
0.00263082713528038,0.36430902117693803,0.23137088530278094,0.3092152789965117,0.002625642337991199,0.0898483450504978,T2
0.007264520334626765,0.007318974638705648,0.7540475531524007,0.007303970580280964,0.2168043281411021,0.007260653152883846,T3
0.02950033412237195,0.27000711573981556,0.22410540220589434,0.0017950948552435681,0.20865930940058486,0.26593274367608966,T2
0.0024333302026752525,0.36126816157827935,0.060843615450124976,0.5705899046288999,0.0024305118917441297,0.0024344762482763037,T4
0.0024311432382930756,0.3341991905006853,0.5343210055718138,0.12417406267655538,0.002431560793015415,0.0024430372196368694,T3
0.0017082052869804194,0.6938503965387113,0.001724913056951355,0.0017233672003463534,0.299273097513069,0.0017200204039414231,T2
0.001388745851421699,0.7633143251296408,0.0013881702001327912,0.0013891928753843423,0.0013895216690079522,0.23113004427441247,T2
0.002144732771385831,0.13006930356140686,0.48533160545140014,0.31456235293669,0.0657365680149767,0.0021554372641405936,T3
0.11724445483797585,0.0019351320235720473,0.7720892174858831,0.0019415177010716476,0.001944088474418543,0.10484558947707898,T3
0.0022838817663267093,0.9886409931666742,0.0022712417594998547,0.0022755522830357105,0.002263436446294163,0.0022648945781692806,T2
0.0022480745918118583,0.19011925328181242,0.7063648445593133,0.002246297175312157,0.09678496489358615,0.0022365654981642284,T3
0.002855595477287949,0.16862371949786842,0.6317778284858235,0.19105471375057548,0.002847241088565708,0.0028409016998789303,T3
0.1466168131395885,0.7225217777913671,0.0019095015512892526,0.1251300152017826,0.0019153197984996574,0.0019065725174729797,T2
0.0016860697698716635,0.5212433439775419,0.17328396943787472,0.3004141845528649,0.001687791208762192,0.0016846410530847687,T2
0.08600302828907262,0.3976428311577996,0.001980038802402611,0.29589031241029035,0.11109040146577807,0.10739338787465674,T2
0.0022223319590916743,0.6900025742682273,0.002220756155188649,0.30113177614113756,0.002214728099575048,0.002207833376779814,T2
0.0018092161956222387,0.21035937920933118,0.00181593478785661,0.3016394135213708,0.2640416157695633,0.22033444051625584,T4
0.0009235809158481404,0.18100068926464585,0.0009256964258466425,0.41056703904377345,0.36944352807033826,0.037139466279547714,T4
0.0015292662935070549,0.2179551518744044,0.22654464624455223,0.44241824785127914,0.11002118897034883,0.0015314987659083494,T4
0.0016754695506956457,0.46587866066083233,0.5274611958181421,0.0016652136421202587,0.001660396095797679,0.001659064232411896,T3
0.001699283724165775,0.8201703460477962,0.0016984514256442396,0.17304162290167652,0.001695374434292279,0.0016949214664247843,T2
0.003892760657567833,0.5299246020223799,0.0039117574671962245,0.0039280344391780814,0.4544343856127693,0.003908459800908821,T2
0.000792027859486185,0.170105581011741,0.48792564034183883,0.3027897235675958,0.0007933065383555098,0.03759372068098267,T3
0.0007359116145814704,0.3892393743144618,0.207850116996034,0.3226937492357371,0.07874485819065892,0.0007359896485266325,T2
0.0017843518680287073,0.0017910778868966617,0.001791138623733276,0.9910637287060828,0.001783411695069456,0.001786291220189142,T4
0.002129046239167043,0.3087506118124307,0.002138902762838192,0.48166267656482337,0.2031928339943096,0.0021259286264309974,T4
0.002900937270339166,0.10251230265338916,0.27384925043855746,0.5279095105995096,0.002900437065183385,0.08992756197302129,T4
0.03923084617438008,0.4664233371881043,0.40779496067640414,0.0023405841290035792,0.08188414995293614,0.002326121879171596,T2
0.0011813822313884506,0.6432747174186171,0.35200147968542467,0.00118053282040061,0.0011802602088656336,0.0011816276353035335,T2
0.0016041963355538414,0.03714969082707696,0.7445212810699127,0.2135185064588554,0.0016016643950636654,0.0016046609135373922,T3
0.0012993164936212721,0.37782758374372144,0.6169733156582877,0.0013003161481909321,0.0012987069420728663,0.0013007610141056608,T3
0.04625730713866528,0.691971005373304,0.25673903379517976,0.0016795739840161747,0.0016773330261077369,0.0016757466827271837,T2
0.0014090711009421603,0.12808121585457688,0.37298807359311664,0.38533528969563347,0.0013981717641301627,0.1107881779916008,T4
0.0020243609646816655,0.5411990725512658,0.4506929290807785,0.002029768302821419,0.002030628752186806,0.002023240348265926,T2
0.001625420107260448,0.31076644226856326,0.0016383196132083728,0.37508716546617527,0.30925478209943014,0.0016278704453625825,T4
0.003166865212622495,0.06262225747051099,0.6382530131105834,0.28960069841231034,0.003199268617261932,0.0031578971767107764,T3
0.00255189739362832,0.0025573360377854244,0.3451994236694994,0.43826875842040164,0.20887488510586075,0.002547699372824394,T4
0.002480869470985119,0.0024725453045750015,0.9876501536135901,0.0024768306043832337,0.0024612185878753867,0.0024583824185913385,T3
0.0039031883335132675,0.5538784872879948,0.43047684471609193,0.00391550008950381,0.003917465702560029,0.003908513870336085,T2
0.08846819355294204,0.0020794808538581546,0.48150952464161456,0.19399396068975336,0.0020827268469763844,0.23186611341485536,T3
0.0031681123072743156,0.003115995393317705,0.6132946294025522,0.37420609692957874,0.0031032259946124725,0.0031119399726645476,T3
0.0029873636158275698,0.5425855213711784,0.0030256821961798736,0.26098936684143753,0.1552384714715904,0.0351735945037863,T2
0.05082389693377032,0.6065305381104396,0.3383044135974275,0.001451779528405589,0.0014416776922668545,0.0014476941376902561,T2
0.002467689849442478,0.002434683668294019,0.8821195959709776,0.0024436698651440197,0.0024308544985900313,0.108103506147552,T3
0.0032357665098547814,0.4045310583888325,0.582514615730652,0.0032379718707481403,0.0032385837574250235,0.0032420037424874637,T3
0.0018077747922273302,0.0018110653762764945,0.8046050320560496,0.0018039633583247184,0.0017979479493272848,0.18817421646779445,T3
0.21486929182259312,0.21649286354791472,0.34931637166156404,0.21522171964076112,0.002048345557154198,0.002051407770012751,T3
0.0015856793595912914,0.36417202513270447,0.6294710317573227,0.001585272840744149,0.0016028365145157714,0.0015831543951216045,T3
0.002837232195009794,0.2449482312956763,0.24221024265483368,0.002878309825493409,0.5042858996999006,0.002840084329086406,T5
0.0017821275565130675,0.08757506627924251,0.48871225356810294,0.41836052126216033,0.00178431477580046,0.0017857165581808211,T3
0.1321132977331513,0.09837444264978505,0.3628145709585341,0.001624960698105217,0.3459642565850521,0.05910847137537208,T3
0.001716829127959449,0.0017224888413077157,0.0017214567772899118,0.28121536463594277,0.4677299492079026,0.24589391140959743,T5
0.002617330842547819,0.4373757395788648,0.0026365372575214187,0.0574687130274544,0.3009469973769404,0.19895468191667126,T2
0.0015834073215025212,0.4545124850109867,0.08323231843097724,0.45750696416880904,0.0015798935561324953,0.0015849315115921455,T4
0.16131290080906763,0.0016222057447869039,0.20438013297929983,0.0016167774984771248,0.08902447305246941,0.5420435099158991,T6
0.5641117529414601,0.0028705562235932305,0.0028880339778163035,0.002854111959959959,0.002870364286238742,0.42440518061093174,T1
0.33708774256511564,0.5085425822724671,0.1446915937293624,0.003226670533111997,0.0032322597014324945,0.0032191511985105747,T2
0.002663457131969947,0.5877445524364826,0.40161602341266633,0.002662581312153305,0.0026560368167072956,0.0026573488900205,T2
0.1400628320140453,0.4803418752592298,0.0013143173633811801,0.10670951444176006,0.0013225006862448202,0.27024896023533884,T2
0.0015246519642396652,0.14617218435636384,0.4656957331818521,0.2896945716019064,0.0015312519572147027,0.09538160693842325,T3
0.0023953314740465647,0.8314815705079209,0.002400380515267211,0.0023905360185123414,0.0023937624600408147,0.15893841902421205,T2
0.0018479422027436326,0.21032973494386178,0.545294293295115,0.0018448122687128915,0.2388318907831125,0.0018513265064541316,T3
0.0017709609453752477,0.2972176746110343,0.38525681398090317,0.3122055882781997,0.0017875134598710214,0.0017614487246165771,T3
0.0027974653101412715,0.0028018110444620096,0.5574045678194203,0.43139382722052444,0.002809971529793857,0.0027923570756580225,T3
0.001766539567196591,0.0017761389775353775,0.4320954239458764,0.37903860913462784,0.183552571205962,0.0017707171688018245,T3
0.002020832091801737,0.002037273166929656,0.98986340443878,0.0020283472763074077,0.0020303319229148993,0.002019811103266315,T3
0.002976410495772957,0.3315551419753036,0.41524884700762416,0.18390965574437199,0.0029487628607962335,0.0633611819161311,T3
0.002514268256887037,0.5412042139178693,0.3151731855280444,0.0025003275860614573,0.1361056608795278,0.0025023438316101793,T2
0.0014139105695917566,0.5721031704598982,0.0014153751716539848,0.0014192764926550547,0.42224029343392416,0.001407973872276927,T2
0.03986146882735264,0.6746779863369572,0.19640720539484452,0.002407489802723513,0.08425845056844114,0.002387399069681006,T2
0.0020501724655182965,0.48353892963435646,0.33347218555996444,0.17684135050748484,0.0020457661521539492,0.002051595680522009,T2
0.11887576105534221,0.002856467539347058,0.41404666083226693,0.3240977399553492,0.0028491826885419865,0.13727418792915275,T3
0.0024038844748426867,0.0024026084379136655,0.8130667850230854,0.17732926820947345,0.0023962649488191864,0.0024011889058655703,T3
0.002772676606307277,0.8179740058860054,0.17096485783313112,0.0027637164376128633,0.002756630878412667,0.0027681123585304593,T2
0.0026126020644924993,0.0026336945152618547,0.5229731667714715,0.46654741166043523,0.0026168750512055566,0.002616249937133347,T3
0.0024168703113189335,0.26397494179018244,0.4436338494301846,0.15167367807461019,0.024596118396437085,0.11370454199726687,T3
0.001528149541272528,0.7822474911647537,0.0015286470971258154,0.21164304240597132,0.0015236980735200913,0.0015289717173566707,T2
0.0022191914674605435,0.9889069623370192,0.0022220852446182644,0.0022280962512815313,0.002212057281704078,0.002211607417916206,T2
0.12314890671139038,0.3892174498047421,0.24245358922410704,0.002368513080911297,0.24045217464656474,0.002359366532284579,T2
0.003364989595625586,0.5783835175147908,0.4081611118006323,0.0033809367116498846,0.0033492432418086126,0.0033602011354928263,T2
0.0020222639689697424,0.27122013662507194,0.6166279166015991,0.0020378423617006423,0.002017987974828583,0.10607385246782988,T3
0.0012445488673418024,0.3814398598757269,0.5448947200541367,0.0012470593492204549,0.0699321964222501,0.0012416154313240131,T3
0.0016786060715075512,0.0016868450376575869,0.6161850034568058,0.3770817723346388,0.0016865344051452372,0.0016812386942449866,T3
0.1447535641518695,0.636884989003149,0.12408239595773549,0.0018566564139411825,0.0018452199509149637,0.09057717452238959,T2
0.0017147013377126453,0.0017223230465516172,0.12248473425885233,0.29253240793082286,0.5446329926396305,0.03691284078643001,T5
0.0018093585921725094,0.11455108942514108,0.7118429811243165,0.001805920558250079,0.1681887320080025,0.0018019182921172894,T3
0.16953872998143982,0.7990599465039874,0.001953339637437192,0.0019454768752213787,0.0019450426589875639,0.025557464342926675,T2
0.025804456563537307,0.4288397065236101,0.15557506215029943,0.38572836630250934,0.0020248173797675715,0.0020275910802761473,T2
0.0023110024161516808,0.21705113836532325,0.53403686585914,0.08059680584842153,0.1637053687539051,0.0022988187570584123,T3
0.001608359849617661,0.5039388463827068,0.44064047178025023,0.0016059666220685934,0.050613007919063334,0.001593347446293355,T2
0.17901896453126745,0.20846207904565744,0.5971819339704165,0.005117007882645887,0.005128732152039455,0.005091282417973196,T3
0.05296978732422556,0.6732417114285033,0.21945918150696866,0.0021765140754194993,0.04997896515066544,0.0021738405142174436,T2
0.004103211519853018,0.5740103902403723,0.40959508935207445,0.004107211594462161,0.004095206865669959,0.004088890427568163,T2
0.0027192490282713206,0.694632327362167,0.2425149653847535,0.05473185302932744,0.0027004066214043956,0.002701198574076328,T2
0.002443541495774007,0.3104807058054132,0.286960048653962,0.2376928457262509,0.1599869775607847,0.002435880757815247,T2
0.0016466448148927419,0.2322959487083442,0.5625416570964797,0.08121291403044752,0.12064403609798659,0.0016587992518491941,T3
0.1446880404209232,0.5280424590292495,0.005793668551724104,0.005807637353734068,0.005798132825213634,0.3098700618191555,T2
0.002301438991323731,0.0023112591208508983,0.5851030570877773,0.4056841525161478,0.002303487572685128,0.0022966047112150632,T3
0.0647042588682231,0.7262587770842414,0.0016506765146800044,0.0016441825257758687,0.0016443103373894262,0.20409779466969036,T2
0.0023996725789532116,0.31215313919755394,0.002404793254029976,0.0024135971447810127,0.5541806907773688,0.12644810704731307,T5
0.00182721666114269,0.09779882647375256,0.5250821096595447,0.001823454731843016,0.24718891989810682,0.12627947257561015,T3
0.002342848714117798,0.9882862300073479,0.0023446812736512084,0.002341691240959758,0.002354368975421845,0.002330179788501549,T2
0.0018846177867982527,0.4297739970533102,0.45032158375939146,0.11424958053873889,0.0018870965483017811,0.0018831243134592964,T3
0.005616278674772435,0.005634455312231971,0.9720019814484433,0.005589205457951452,0.00558362179749848,0.005574457309102427,T3
0.0017001064768673237,0.1272531669519025,0.23623503149638805,0.34590939312721347,0.21488750473580334,0.07401479721182536,T4
0.10407396882432329,0.4244120458078961,0.25102170924089934,0.001519385149610865,0.21745139144140024,0.001521499535870145,T2
0.0016866305407954414,0.7269115380631864,0.26634930294224385,0.0016917148826320002,0.0016795972801143856,0.001681216291027938,T2
0.0011358069632155742,0.19856271950685458,0.5097746328744529,0.28826303121539265,0.0011310172195351568,0.0011327922205491415,T3
0.0022733401636080928,0.48194561810723213,0.34461885636169776,0.16661499074676167,0.002278167084426677,0.002269027536273635,T2
0.0017001064768673237,0.1272531669519025,0.23623503149638805,0.34590939312721347,0.21488750473580334,0.07401479721182536,T4
0.002702872074015004,0.19170906607171168,0.273373188922049,0.5268073989996871,0.0027051129050713,0.002702361027465974,T4
0.0011450411505269412,0.6229497740833718,0.0011475259985807243,0.32887985373918394,0.0011419956003131356,0.04473580942802333,T2
0.0025013005943926884,0.17780920627868768,0.36828556063850404,0.4463981162600866,0.002506591809463311,0.0024992244188655264,T4
0.00670829973833274,0.00672392780650192,0.8039665270417672,0.006755795081771965,0.1691011029521282,0.006744347379498086,T3
0.002586089326102756,0.0025930159568411117,0.7623270638471715,0.227325456172913,0.0025790670451261793,0.002589307651845374,T3
0.005778561405958041,0.18811167546119908,0.365042445815495,0.4295129431275812,0.005776847157447419,0.005777527032319247,T4
0.0017311453482245491,0.0017393657092804155,0.40901814509885703,0.3432869649322043,0.24249659681110763,0.001727782100326035,T3
0.0028932213284348796,0.9855167764438344,0.002919433873446154,0.0028931948792841034,0.0028845647706047662,0.0028928087043958136,T2
0.16857300333282443,0.8244269667268947,0.0017487543256605798,0.001753232881515344,0.0017484611931342581,0.0017495815399707312,T2
0.002437300409628339,0.5762501701620522,0.3912681367039963,0.025177276557548072,0.002433267271352485,0.0024338488954229664,T2
0.6192195490263768,0.0015757169997736623,0.0015796132901373043,0.3164378950853515,0.059620593717821205,0.0015666318805397147,T1
0.00465773764393922,0.004650763286850959,0.27427721719377063,0.7070867799690399,0.004667944699084713,0.00465955720731471,T4
0.5341220609392099,0.00356977277560608,0.0035652785738183087,0.4515797050197379,0.003566049903551828,0.0035971327880758492,T1
0.5605099297309697,0.001889413116253977,0.0018946791169365787,0.3436022305352076,0.0018911639684510058,0.090212583532181,T1
0.45326534659949147,0.0021281448728904776,0.3068388669678927,0.23351579118212362,0.0021290167920414217,0.00212283358556032,T1
0.6056226763208863,0.134268309387751,0.0013370226843073567,0.2144378981404981,0.042997770763261056,0.0013363227032962648,T1
0.6857698445314739,0.00224273693472432,0.0022432220126159513,0.3052458922364336,0.0022476943496999545,0.0022506099350522407,T1
0.7810784744737598,0.002002681118065342,0.0020107210567421345,0.1270732420694131,0.002004231728869512,0.0858306495531501,T1
0.002068925741061116,0.0020731522514514304,0.3362909904262018,0.2425233809662447,0.4149632375906039,0.0020803130244371913,T5
0.17287362506036924,0.49394140756327204,0.1413450944694501,0.0017138081940827185,0.001731450729081872,0.18839461398374402,T2
0.3906850791387757,0.0007348522011869348,0.0007362808023279588,0.0007372460134438338,0.6063705301885333,0.0007360116557324043,T5
0.13965477335528229,0.7458465956354855,0.10648812645536275,0.0026720853325468653,0.002660936723484499,0.0026774824978379663,T2
0.14097766253454136,0.21572696866361482,0.3579276235875386,0.28145368969786605,0.0019598642820872984,0.001954191234351947,T3
0.49639995369946427,0.0774683949736607,0.001544321183983875,0.4214976726519059,0.0015395808468850014,0.001550076644100228,T1
0.002121807848277666,0.002128314486633523,0.002129138500059233,0.3323081765290883,0.6591958291933092,0.002116733442632025,T5
0.039833417356926575,0.08792228480187536,0.0014201280352520809,0.29612677428232603,0.0014259880871103385,0.5732714074365096,T6
0.0008584082254910455,0.10242195652180099,0.0008599256288417263,0.7538854329074002,0.1411141893103983,0.000860087406067714,T4
0.00157147881884312,0.4448535146862959,0.0015714015623669692,0.42472626359338994,0.1257061761116397,0.0015711652274644449,T2
0.2756489831370004,0.001657625238667595,0.0016589274010578236,0.49475463020967636,0.0016563098662207712,0.22462352414737694,T4
0.1667859754171487,0.3189715061191354,0.0015202757715777058,0.20480912883832586,0.30639173446434265,0.001521379389469719,T2
0.0016832877806808998,0.5580509839556224,0.0016875198661974384,0.4352096388307398,0.0016859975931182887,0.0016825719736412472,T2
0.000986205370777225,0.0009892830197061992,0.9950635728384789,0.0009880296065409707,0.0009840076863926186,0.0009889014781039739,T3
0.0019318050564195467,0.2915978245985357,0.11014393826742543,0.47329894135100115,0.12109119348168161,0.00193629724493644,T4
0.0024657422563690596,0.002484783395989711,0.8052912564778533,0.00248727881256223,0.18479513355487073,0.0024758055023549343,T3
0.0017692570948487085,0.4312002480993167,0.16766739245850226,0.05543469740532559,0.24858437153060148,0.09534403341140524,T2
0.0023642234263924855,0.002368356458499545,0.397738437248188,0.41558981030234704,0.06681454173986834,0.1151246308247045,T4
0.0012682310250514354,0.2674317776682666,0.24711030991860802,0.0012695333476528722,0.48165639197653926,0.0012637560638820487,T5
0.003423491970588325,0.003439967554048053,0.5938172410533075,0.39247380094919215,0.003412394910198583,0.003433103562665355,T3
0.001556381189358021,0.0015463682929730072,0.5031030452941503,0.4907183718479397,0.0015372580952774213,0.001538575280301559,T3
0.001135143743692491,0.001139780893869516,0.5265341075159076,0.35128207422295843,0.11877283457665132,0.001136059046920681,T3
0.0021028963353597165,0.002103834587319886,0.9894818412707068,0.0021088311046080508,0.0021005257735639458,0.002102070928441456,T3
0.0014279427560737606,0.1657905971897657,0.0014258654910829826,0.7023616624452813,0.04170066425272469,0.08729326786507151,T4
